<?xml version="1.0" encoding="UTF-8" standalone="no"?>
<!-- Created with Inkscape (http://www.inkscape.org/) -->

<svg
   version="1.1"
   id="svg1"
   width="441.36932"
   height="248.47769"
   viewBox="0 0 441.36933 248.47769"
   xmlns="http://www.w3.org/2000/svg"
   xmlns:svg="http://www.w3.org/2000/svg">
  <defs
     id="defs1" />
  <g
     id="g1"
     transform="translate(274,-94.999969)">
    <path
       id="path44"
       d="m -62.110698,96.890629 v 6.046871 c 0,1.29688 -0.01563,1.32813 -0.703125,1.39063 l -0.53125,0.0469 v 0.57813 c 1.75,-0.0469 1.75,-0.0469 2.25,-0.0469 0.5,0 0.515625,0 2.265625,0.0469 V 104.375 l -0.53125,-0.0469 c -0.6875,-0.0625 -0.703125,-0.0937 -0.703125,-1.39063 v -5.937496 c 0,-1.265625 0.04687,-1.359375 0.703125,-1.421875 l 0.53125,-0.04687 v -0.53125 c -1.53125,0.04687 -1.53125,0.04687 -1.6875,0.04687 -0.15625,0 -0.15625,0 -1.671875,-0.04687 -0.421875,1 -0.546875,1.3125 -0.703125,1.640625 l -2.671875,5.500006 -2.296875,-4.796881 c -0.171875,-0.359375 -0.46875,-0.96875 -1.09375,-2.34375 l -1.734375,0.04687 c -0.234375,0 -0.578125,-0.01563 -1.015625,-0.03125 -0.21875,0 -0.234375,0 -0.734375,-0.01563 v 0.53125 l 0.53125,0.04687 c 0.65625,0.0625 0.703125,0.15625 0.703125,1.421875 v 5.937496 c 0,1.28125 -0.04687,1.375 -0.703125,1.4375 l -0.53125,0.0312 v 0.54688 c 1.390625,-0.0469 1.390625,-0.0469 1.671875,-0.0469 0.28125,0 0.953125,0.0156 1.65625,0.0469 v -0.54688 l -0.53125,-0.0312 c -0.65625,-0.0625 -0.703125,-0.14062 -0.703125,-1.4375 v -6.062496 l 3.34375,6.968746 c 0.109375,0.21875 0.265625,0.5625 0.53125,1.20313 h 0.484375 c 0.28125,-0.67188 0.34375,-0.8125 0.875,-1.92188 z m 10.453124,3.718751 c 0,-1.546876 -1.093749,-2.562501 -2.75,-2.562501 -0.5,0 -0.890624,0.109375 -1.281249,0.34375 l -0.671875,0.40625 c -0.96875,0.5625 -1.390625,1.437501 -1.390625,2.828121 0,2.3125 1.171875,3.53125 3.328125,3.53125 0.828124,0 1.375,-0.14062 2.296875,-0.625 l 0.328125,-0.70312 -0.171876,-0.21875 c -0.6875,0.375 -1.125,0.51562 -1.703124,0.51562 -0.765625,0 -1.46875,-0.40625 -1.84375,-1.03125 -0.21875,-0.40625 -0.3125,-0.75 -0.34375,-1.4375 h 1.90625 c 0.828125,0 1.484374,-0.0781 2.296874,-0.28125 z m -3.0625,0.32812 h -0.06249 c -0.09375,0 -0.484375,-0.0156 -0.703124,-0.0312 l -0.453125,-0.0156 c 0.03125,-1.437501 0.390625,-2.015626 1.234374,-2.015626 0.828126,0 1.171875,0.578125 1.203126,2.015626 z m 8.894532,-0.78125 0.109373,-1.765621 c -0.5625,-0.25 -1.015625,-0.34375 -1.781249,-0.34375 -1.968751,0 -3.031251,0.796875 -3.031251,2.250001 0,0.95312 0.531251,1.5625 1.546875,1.8125 l 1.25,0.3125 c 0.671876,0.15625 0.921876,0.40625 0.921876,0.90625 0,0.6875 -0.531251,1.125 -1.343751,1.125 -0.6875,0 -1.156249,-0.21875 -1.625,-0.75 l -0.07812,-1.01563 h -0.5625 l -0.109373,2.0625 c 0.828125,0.28125 1.484375,0.40625 2.265625,0.40625 1.828126,0 3.0625,-1 3.0625,-2.5 0,-1.04687 -0.53125,-1.59375 -1.84375,-1.875 l -1.203124,-0.26562 c -0.5625,-0.14063 -0.796876,-0.35938 -0.796876,-0.812501 0,-0.59375 0.5,-0.953125 1.28125,-0.953125 0.578126,0 1.21875,0.28125 1.265626,0.5625 l 0.156249,0.843746 z m 5.113281,2.34375 h 3.546875 v 0.79688 c 0,0.65625 -0.296875,1.04687 -0.828126,1.07812 l -0.9375,0.0312 v 0.54688 c 0.734375,-0.0156 1.406251,-0.0312 1.625,-0.0312 0.468751,-0.0156 0.781251,-0.0156 0.953126,-0.0156 0.218749,0 0.218749,0 2.234374,0.0469 v -0.54688 l -0.515625,-0.0312 c -0.5625,-0.0469 -0.828124,-0.42187 -0.828124,-1.07812 V 102.5 h 1.296875 v -1.14062 l -0.01563,-0.0469 h -1.281249 v -1.812496 c 0,-1.109375 0.01563,-2.0625 0.07812,-4.1875 l -0.09375,-0.1875 -1.781251,0.40625 c -1.703124,2.484375 -2.734374,4.34375 -3.562499,6.406246 z m 0.90625,-1.1875 c 0.09375,-0.17187 0.125,-0.23437 0.249999,-0.51562 0.156251,-0.39063 0.328126,-0.70313 0.390626,-0.843751 l 0.906249,-1.6875 c 0,-0.01563 0.328125,-0.53125 0.609376,-1.015625 0.171875,-0.28125 0.343749,-0.546875 0.484375,-0.765625 v 4.828121 z m 0,0"
       style="fill:#000000;fill-opacity:1;fill-rule:nonzero;stroke:none;stroke-width:1.33333"
       aria-label="Mes4" />
    <path
       id="path45"
       d="M -274,109.95366 H 167.36932"
       style="fill:none;stroke:#000000;stroke-width:0.530667;stroke-linecap:butt;stroke-linejoin:miter;stroke-miterlimit:10;stroke-dasharray:none;stroke-opacity:1" />
    <path
       id="path46"
       d="m 4.8424203,113.14454 c 0.75,-0.0469 1.203125,-0.0469 1.9375,-0.0469 0.703125,0 1.2812499,0.10937 1.296875,0.26563 l 0.1093749,0.98437 h 0.46875 l 0.1875,-1.875 -0.078125,-0.0937 c -0.4843751,-0.0469 -0.75,-0.0625 -1.2656251,-0.0625 -0.2968749,0 -0.7031249,0.0156 -1.4374999,0.0312 -0.96875,0.0312 -1.3281249,0.0312 -1.71875,0.0312 -0.46875,0 -1.0312499,-0.0156 -2.4999999,-0.0469 v 0.5 l 0.5,0.0312 c 0.59375,0.0625 0.625,0.14063 0.625,1.29688 v 5.95312 c 0,0.45313 -0.0625,0.65625 -0.265625,0.76563 l -0.421875,0.23437 v 0.3125 c 1.3125003,-0.0469 1.3125003,-0.0469 1.6250003,-0.0469 h 0.4531251 c 1.34375,0.0469 1.8749999,0.0469 2.5468749,0.0469 0.6874999,0 1.109375,0 1.8749999,-0.0469 l 0.0625,-0.10937 0.1406251,-2.09375 H 8.4674202 l -0.2968749,1.25 c 0,0.0156 -0.015625,0.0156 -0.046875,0.0312 -0.40625,0.14062 -0.7968749,0.1875 -1.5312499,0.1875 -0.546875,0 -1.0625,-0.0156 -1.75,-0.0312 v -3.54688 c 0.375,-0.0312 0.6093751,-0.0469 0.8906251,-0.0469 h 0.8749999 c 0.515625,0 0.71875,0.15625 0.7656249,0.5 l 0.078125,0.65625 h 0.53125 l -0.046875,-1.4375 c 0,-0.14063 0,-0.15625 0.046875,-1.42188 h -0.53125 l -0.078125,0.76563 c -0.031249,0.20312 -0.2031249,0.28125 -0.7656249,0.28125 h -0.875 c -0.4375,0 -0.625,0 -0.8906251,-0.0312 z m 4.9140624,3.03125 0.6093753,0.0312 c 0.296875,0.0312 0.34375,0.15625 0.34375,0.9375 v 2.90625 c 0,0.71875 -0.0625,0.82813 -0.484375,0.84375 l -0.4687503,0.0312 v 0.5 l 1.7187503,-0.0469 c 0.3125,0 0.875,0.0156 1.6875,0.0469 v -0.49999 l -0.359375,-0.0312 c -0.421875,-0.0156 -0.484375,-0.125 -0.484375,-0.84375 v -2.875 c 0,-0.45313 0.546875,-0.90625 1.078125,-0.90625 0.78125,0 1.140625,0.5 1.140625,1.53125 v 2.25 c 0,0.71875 -0.04687,0.82812 -0.46875,0.84375 l -0.421875,0.0312 v 0.49999 c 1.390625,-0.0469 1.390625,-0.0469 1.718749,-0.0469 0.328125,0 0.328125,0 1.734376,0.0469 v -0.49999 l -0.453125,-0.0312 c -0.421875,-0.0156 -0.484375,-0.125 -0.484375,-0.84375 v -2.875 c 0,-0.45313 0.546875,-0.90625 1.078124,-0.90625 0.765625,0 1.140625,0.5 1.140625,1.53125 v 3.62499 l 1.234375,-0.0469 c 0.671876,0.0156 0.765625,0.0156 1.296876,0.0469 v -0.49999 l -0.4375,-0.0312 c -0.406251,-0.0156 -0.468751,-0.125 -0.468751,-0.84375 v -2.46875 c 0,-1.82813 -0.484374,-2.45313 -1.906249,-2.45313 -0.4375,0 -0.734376,0.0781 -0.953125,0.25 l -1.0625,0.8125 c -0.3125,-0.75 -0.843751,-1.0625 -1.75,-1.0625 -0.421875,0 -0.71875,0.0781 -0.953125,0.25 l -1.0625,0.8125 v -0.98437 l -0.07813,-0.0781 c -1.375,0.45312 -1.75,0.53125 -2.4843745,0.5625 z m 14.3085943,-1.04688 -0.921876,0.28125 c -0.453124,0.14063 -0.6875,0.17188 -1.359375,0.26563 l -0.140625,0.0156 v 0.48438 l 0.59375,0.0312 c 0.296875,0.0312 0.34375,0.15625 0.34375,0.9375 v 6.29688 c 0,0.71875 -0.06249,0.8125 -0.484375,0.84375 l -0.453125,0.0312 v 0.48437 l 1.703125,-0.0312 c 0.171875,0 0.203125,0 1.9375,0.0312 v -0.48437 l -0.609375,-0.0312 c -0.40625,-0.0156 -0.46875,-0.125 -0.46875,-0.84375 v -2.0625 c 0.640625,0.1875 0.859376,0.21875 1.171876,0.21875 0.453124,0 0.921874,-0.23437 1.828124,-0.95312 0.07812,-0.0469 0.15625,-0.10938 0.21875,-0.17188 0.875,-0.65625 1.359375,-1.70312 1.359375,-2.89062 0,-1.40625 -1.015625,-2.45313 -2.406249,-2.45313 -0.515626,0 -0.906251,0.14063 -1.359376,0.51563 l -0.8125,0.64062 v -1.07812 z m 0.140624,1.85938 c 0.28125,-0.4375 0.71875,-0.67188 1.265625,-0.67188 1.031251,0 1.640625,0.79688 1.640625,2.125 0,1.39063 -0.59375,2.26563 -1.5625,2.26563 -0.5625,0 -0.984374,-0.23438 -1.34375,-0.73438 z m 7.992188,-1.85938 -0.921875,0.28125 c -0.4375,0.14063 -0.671876,0.17188 -1.5,0.28125 v 0.48438 l 0.593749,0.0312 c 0.296875,0.0312 0.343751,0.15625 0.343751,0.9375 v 2.90625 c 0,0.71875 -0.06249,0.82813 -0.484376,0.84375 l -0.453124,0.0312 v 0.5 l 1.703124,-0.0469 c 0.171876,0 0.218751,0 2.015625,0.0469 v -0.49999 l -0.531249,-0.0312 c -0.5625,-0.0156 -0.625,-0.0937 -0.625,-0.84375 v -2.625 c 0,-0.42188 0.531249,-0.85938 1.0625,-0.85938 0.328124,0 0.5625,0.15625 0.75,0.48438 l 0.3125,-0.14063 0.07812,-1.70312 c -0.140624,-0.0625 -0.3125,-0.0781 -0.5,-0.0781 -0.375,0 -0.625,0.15625 -1.125,0.70312 l -0.578124,0.625 v -1.25 z m 8.460937,2.32813 c 0,-1.42188 -1,-2.32813 -2.515626,-2.32813 -0.468749,0 -0.8125,0.0937 -1.171874,0.29688 l -0.625,0.375 c -0.875,0.51562 -1.25,1.3125 -1.25,2.57812 0,2.10938 1.0625,3.21875 3.03125,3.21875 0.765624,0 1.25,-0.125 2.109375,-0.5625 l 0.281249,-0.64062 -0.156249,-0.20313 c -0.625,0.34375 -1.015625,0.46875 -1.546875,0.46875 -0.6875,0 -1.34375,-0.375 -1.671876,-0.9375 -0.218749,-0.375 -0.296874,-0.6875 -0.328124,-1.3125 h 1.75 c 0.75,0 1.34375,-0.0781 2.09375,-0.26562 z m -2.796875,0.29687 h -0.06249 c -0.07812,0 -0.4375,-0.0156 -0.640626,-0.0312 l -0.421874,-0.0156 c 0.04688,-1.3125 0.359374,-1.84375 1.125,-1.84375 0.765625,0 1.078125,0.53125 1.109374,1.84375 z m 8.128905,-0.70312 0.109374,-1.625 c -0.531251,-0.21875 -0.9375,-0.29688 -1.640626,-0.29688 -1.796874,0 -2.765625,0.71875 -2.765625,2.04688 0,0.875 0.484375,1.42187 1.406251,1.65625 l 1.140624,0.28125 c 0.609376,0.14062 0.84375,0.35937 0.84375,0.82812 0,0.625 -0.484374,1.03125 -1.21875,1.03125 -0.625,0 -1.0625,-0.20312 -1.484375,-0.70312 l -0.07812,-0.90625 h -0.515624 l -0.09375,1.875 c 0.765619,0.26562 1.359368,0.35937 2.062494,0.35937 1.671874,0 2.796874,-0.90625 2.796874,-2.28125 0,-0.95312 -0.484374,-1.4375 -1.6875,-1.70312 l -1.078124,-0.25 c -0.53125,-0.10938 -0.734376,-0.32813 -0.734376,-0.73438 0,-0.53125 0.453126,-0.875 1.171876,-0.875 0.53125,0 1.109375,0.26563 1.15625,0.53125 l 0.125,0.76563 z m 5.054688,3.4375 -0.06249,0.82812 0.06249,0.10937 c 0.828125,-0.0312 1.046875,-0.0469 1.218751,-0.0469 0.156249,0 0.359374,0.0156 1.156249,0.0469 v -0.49999 l -0.390625,-0.0312 c -0.296875,-0.0625 -0.359375,-0.1875 -0.375,-0.8125 v -0.28125 c -0.01563,-0.42188 -0.03125,-0.79688 -0.03125,-1.125 0,-0.35938 0.01563,-0.78125 0.03125,-1.28125 0.01563,-0.17188 0.01563,-0.29688 0.01563,-0.39063 0,-1.17187 -0.796874,-1.875 -2.140625,-1.875 -0.5625,0 -1.109375,0.14063 -1.593749,0.45313 l -0.703126,0.42187 v 0.90625 l 0.390626,0.0937 0.296874,-0.65625 c 0.04688,-0.0937 0.421875,-0.1875 0.765626,-0.1875 0.890625,0 1.328125,0.48437 1.359374,1.5625 l -1.171874,0.25 c -1.671875,0.34375 -2.265625,0.85937 -2.265625,1.98437 0,1.07813 0.546874,1.64063 1.546874,1.64063 0.296876,0 0.531251,-0.0469 0.656251,-0.15625 z m 0,-0.64063 c -0.25,0.34375 -0.734375,0.59375 -1.140625,0.59375 -0.421875,0 -0.671875,-0.3125 -0.671875,-0.82812 0,-0.65625 0.281251,-0.92188 1.218751,-1.17188 l 0.593749,-0.15625 z m 0,0"
       style="fill:#000000;fill-opacity:1;fill-rule:nonzero;stroke:none;stroke-width:1.33333"
       aria-label="Empresa" />
    <path
       id="path47"
       d="M -274,126.42566 H 167.36932"
       style="fill:none;stroke:#000000;stroke-width:0.530667;stroke-linecap:butt;stroke-linejoin:miter;stroke-miterlimit:10;stroke-dasharray:none;stroke-opacity:1" />
    <path
       id="path48"
       d="m -256.84117,136.69141 -0.15625,-0.15625 c -0.85938,0.45313 -1.71875,0.67188 -2.59375,0.67188 -2.3125,0 -3.85938,-1.64063 -3.85938,-4.15625 0,-2.28125 1.29688,-3.6875 3.40625,-3.6875 0.98438,0 1.64063,0.25 2.35938,0.90625 l 0.0625,1.15625 h 0.51562 c 0.15625,-1.28125 0.1875,-1.53125 0.3125,-2.03125 l -0.0781,-0.15625 c -1.21875,-0.46875 -1.95313,-0.625 -3.10938,-0.625 -3.35937,0 -5.46875,1.78125 -5.46875,4.625 0,2.96875 2.04688,4.82812 5.32813,4.82812 1.21875,0 2.01562,-0.17187 3,-0.71875 z m 4.21484,-5.09375 c -2.10937,0 -3.28125,1.15625 -3.28125,3.28125 0,2.03125 1.09375,3.1875 3.01563,3.1875 2.12499,0 3.31249,-1.20312 3.31249,-3.35937 0,-2.01563 -1.07812,-3.10938 -3.04687,-3.10938 z m -0.15625,0.625 c 0.95312,0 1.40625,0.95313 1.40625,2.90625 0,1.60938 -0.375,2.3125 -1.28125,2.3125 -0.95312,0 -1.4375,-0.96875 -1.4375,-2.89062 0,-1.60938 0.39063,-2.32813 1.3125,-2.32813 z m 4.04297,0.42188 0.60937,0.0312 c 0.29688,0.0312 0.34375,0.15625 0.34375,0.9375 v 2.90625 c 0,0.71875 -0.0625,0.82812 -0.48437,0.84375 l -0.46875,0.0312 v 0.5 l 1.71875,-0.0469 c 0.26562,0 0.90625,0.0156 1.79687,0.0469 v -0.5 l -0.46875,-0.0312 c -0.40625,-0.0156 -0.48437,-0.125 -0.48437,-0.84375 v -2.875 c 0,-0.46875 0.54687,-0.90625 1.14062,-0.90625 0.875,0 1.25,0.45312 1.25,1.51562 v 3.64063 c 0.75,-0.0312 0.98438,-0.0469 1.1875,-0.0469 0.1875,0 0.1875,0 1.34375,0.0469 v -0.5 l -0.4375,-0.0312 c -0.40625,-0.0156 -0.48437,-0.125 -0.48437,-0.84375 v -2.46875 c 0,-1.03125 -0.10937,-1.53125 -0.45313,-1.90625 -0.35937,-0.35938 -0.89062,-0.54688 -1.54687,-0.54688 -0.40625,0 -0.71875,0.0781 -0.9375,0.25 l -1.0625,0.8125 v -0.98437 l -0.0781,-0.0781 c -1.375,0.45313 -1.75,0.53125 -2.48437,0.5625 z m 12.99219,1.26562 c 0.0781,-0.85937 0.14062,-1.29687 0.26562,-1.875 l -0.0937,-0.17187 c -0.625,-0.21875 -0.89062,-0.26563 -1.375,-0.26563 -0.5,0 -0.875,0.0937 -1.1875,0.26563 l -0.70312,0.42187 c -1.17188,0.70313 -1.60938,1.35938 -1.60938,2.51563 0,2.10937 1.0625,3.26562 2.95313,3.26562 0.67187,0 1.15625,-0.10937 1.78125,-0.4375 l 0.28125,-0.625 -0.125,-0.125 c -0.45313,0.1875 -0.73438,0.25 -1.125,0.25 -1.29688,0 -2.10938,-1.04687 -2.10938,-2.73437 0,-1.20313 0.45313,-1.85938 1.29688,-1.85938 0.59375,0 1.125,0.26563 1.17187,0.57813 l 0.0937,0.79687 z m 6.83203,0.0156 c 0,-1.42188 -1,-2.32813 -2.51563,-2.32813 -0.46875,0 -0.8125,0.0937 -1.17187,0.29688 l -0.625,0.375 c -0.875,0.51562 -1.25,1.3125 -1.25,2.57812 0,2.10938 1.0625,3.21875 3.03125,3.21875 0.76562,0 1.25,-0.125 2.10937,-0.5625 l 0.28125,-0.64062 -0.15625,-0.20313 c -0.625,0.34375 -1.01562,0.46875 -1.54687,0.46875 -0.6875,0 -1.34375,-0.375 -1.67188,-0.9375 -0.21875,-0.375 -0.29687,-0.6875 -0.32812,-1.3125 h 1.75 c 0.75,0 1.34375,-0.0781 2.09375,-0.26562 z m -2.79688,0.29687 h -0.0625 c -0.0781,0 -0.4375,-0.0156 -0.64063,-0.0312 l -0.42187,-0.0156 c 0.0469,-1.3125 0.35937,-1.84375 1.125,-1.84375 0.76562,0 1.07812,0.53125 1.10937,1.84375 z m 6.12891,-2.625 -0.92188,0.28125 c -0.45312,0.14063 -0.6875,0.17188 -1.35937,0.26563 l -0.14063,0.0156 v 0.48438 l 0.59375,0.0312 c 0.29688,0.0312 0.34375,0.15625 0.34375,0.9375 v 6.29687 c 0,0.71875 -0.0625,0.8125 -0.48437,0.84375 l -0.45313,0.0312 v 0.48438 l 1.70313,-0.0312 c 0.17187,0 0.20312,0 1.9375,0.0312 v -0.48438 l -0.60938,-0.0312 c -0.40625,-0.0156 -0.46875,-0.125 -0.46875,-0.84375 v -2.0625 c 0.64063,0.1875 0.85938,0.21875 1.17188,0.21875 0.45312,0 0.92187,-0.23437 1.82812,-0.95312 0.0781,-0.0469 0.15625,-0.10938 0.21875,-0.17188 0.875,-0.65625 1.35938,-1.70312 1.35938,-2.89062 0,-1.40625 -1.01563,-2.45313 -2.40625,-2.45313 -0.51563,0 -0.90625,0.14063 -1.35938,0.51563 l -0.8125,0.64062 v -1.07812 z m 0.14062,1.85938 c 0.28125,-0.4375 0.71875,-0.67188 1.26563,-0.67188 1.03125,0 1.64062,0.79688 1.64062,2.125 0,1.39063 -0.59375,2.26563 -1.5625,2.26563 -0.5625,0 -0.98437,-0.23438 -1.34375,-0.73438 z m 9.45703,3.59375 -0.0937,-0.25 c -0.26563,0.125 -0.40625,0.17187 -0.60938,0.17187 -0.625,0 -0.82812,-0.21875 -0.82812,-0.85937 v -3.17188 h 1.40625 l 0.10937,-0.85937 -1.51562,0.0781 v -0.76562 c 0,-0.70313 0.0312,-1.14063 0.15625,-1.8125 l -0.1875,-0.125 c -0.53125,0.25 -0.9375,0.40625 -1.625,0.65625 0.0469,0.6875 0.0625,0.95312 0.0625,1.21875 v 0.79687 l -0.875,0.57813 v 0.29687 l 0.84375,-0.0625 v 3.4375 c 0,1.1875 0.5,1.6875 1.65625,1.6875 0.40625,0 0.73438,-0.0781 0.85938,-0.23437 z m 3.94141,-5.45313 c -2.10937,0 -3.28125,1.15625 -3.28125,3.28125 0,2.03125 1.09375,3.1875 3.01563,3.1875 2.125,0 3.3125,-1.20312 3.3125,-3.35937 0,-2.01563 -1.07813,-3.10938 -3.04688,-3.10938 z m -0.15625,0.625 c 0.95313,0 1.40625,0.95313 1.40625,2.90625 0,1.60938 -0.375,2.3125 -1.28125,2.3125 -0.95312,0 -1.4375,-0.96875 -1.4375,-2.89062 0,-1.60938 0.39063,-2.32813 1.3125,-2.32813 z m 117.703126,-1.6875 v 5.51563 c 0,1.1875 -0.0156,1.21875 -0.640627,1.26562 l -0.5,0.0469 v 0.53125 c 1.609373,-0.0469 1.609373,-0.0469 2.062493,-0.0469 0.453134,0 0.46876,0 2.078134,0.0469 v -0.53125 l -0.5,-0.0469 c -0.625,-0.0469 -0.625,-0.0781 -0.625,-1.26562 v -5.42188 c 0,-1.15625 0.0312,-1.23437 0.625,-1.29687 l 0.5,-0.0312 v -0.5 c -1.390627,0.0469 -1.390627,0.0469 -1.54688,0.0469 -0.140627,0 -0.140627,0 -1.531254,-0.0469 -0.375,0.92187 -0.5,1.20312 -0.640613,1.5 l -2.437507,5.01562 -2.093746,-4.375 c -0.156253,-0.32812 -0.421876,-0.89062 -0.999996,-2.14062 l -1.59375,0.0469 c -0.20313,0 -0.51563,-0.0156 -0.90625,-0.0312 -0.20314,0 -0.21875,0 -0.68751,-0.0156 v 0.5 l 0.5,0.0312 c 0.59376,0.0625 0.625,0.14062 0.625,1.29687 v 5.42188 c 0,1.17187 -0.0312,1.25 -0.625,1.3125 l -0.5,0.0312 v 0.5 c 1.28125,-0.0469 1.28125,-0.0469 1.53125,-0.0469 0.26563,0 0.875,0.0156 1.51563,0.0469 v -0.5 l -0.5,-0.0312 c -0.59375,-0.0625 -0.625,-0.125 -0.625,-1.3125 v -5.53125 l 3.046879,6.35937 c 0.09373,0.20313 0.234373,0.51563 0.484373,1.10938 h 0.45312 c 0.25,-0.625 0.29688,-0.75 0.79688,-1.76563 z m 9.550773,3.39063 c 0,-1.42188 -1,-2.32813 -2.515627,-2.32813 -0.468746,0 -0.812493,0.0937 -1.171866,0.29688 l -0.625,0.375 c -0.875,0.51562 -1.25,1.3125 -1.25,2.57812 0,2.10938 1.062493,3.21875 3.031253,3.21875 0.765613,0 1.25,-0.125 2.109373,-0.5625 l 0.28124,-0.64062 -0.15624,-0.20313 c -0.625,0.34375 -1.015626,0.46875 -1.54688,0.46875 -0.687493,0 -1.343746,-0.375 -1.67188,-0.9375 -0.218746,-0.375 -0.296866,-0.6875 -0.32812,-1.3125 h 1.75 c 0.75,0 1.343747,-0.0781 2.093747,-0.26562 z m -2.796867,0.29687 h -0.06253 c -0.07813,0 -0.437493,-0.0156 -0.640627,-0.0312 l -0.421866,-0.0156 c 0.0468,-1.3125 0.359373,-1.84375 1.125,-1.84375 0.765626,0 1.07812,0.53125 1.109373,1.84375 z m 6.140627,-2.625 -0.92188,0.28125 c -0.437507,0.14063 -0.67188,0.17188 -1.5,0.28125 v 0.48438 l 0.593746,0.0312 c 0.29688,0.0312 0.343747,0.15625 0.343747,0.9375 v 2.90625 c 0,0.71875 -0.06253,0.82812 -0.484373,0.84375 l -0.45312,0.0312 v 0.5 l 1.70312,-0.0469 c 0.17188,0 0.21876,0 2.015626,0.0469 v -0.5 l -0.531253,-0.0312 c -0.562493,-0.0156 -0.625,-0.0937 -0.625,-0.84375 v -2.625 c 0,-0.42188 0.531253,-0.85938 1.062507,-0.85938 0.32812,0 0.562493,0.15625 0.75,0.48438 l 0.312493,-0.14063 0.07813,-1.70312 c -0.140626,-0.0625 -0.312506,-0.0781 -0.5,-0.0781 -0.375,0 -0.625,0.15625 -1.125,0.70313 l -0.578133,0.625 v -1.25 z m 7.527333,2.3125 c 0.07813,-0.85937 0.140627,-1.29687 0.265627,-1.875 l -0.09373,-0.17187 c -0.625013,-0.21875 -0.89064,-0.26563 -1.375013,-0.26563 -0.5,0 -0.875,0.0937 -1.187493,0.26563 l -0.703134,0.42187 c -1.171866,0.70313 -1.609373,1.35938 -1.609373,2.51563 0,2.10937 1.062507,3.26562 2.95312,3.26562 0.67188,0 1.156253,-0.10937 1.781253,-0.4375 l 0.281254,-0.625 -0.124934,-0.125 c -0.45312,0.1875 -0.734373,0.25 -1.125,0.25 -1.29688,0 -2.109373,-1.04687 -2.109373,-2.73437 0,-1.20313 0.45312,-1.85938 1.296867,-1.85938 0.59376,0 1.125,0.26563 1.17188,0.57813 l 0.09373,0.79687 z m 6.835946,0.0156 c 0,-1.42188 -1,-2.32813 -2.515626,-2.32813 -0.468747,0 -0.812507,0.0937 -1.17188,0.29688 l -0.625,0.375 c -0.875,0.51562 -1.25,1.3125 -1.25,2.57812 0,2.10938 1.062506,3.21875 3.031253,3.21875 0.765627,0 1.25,-0.125 2.109373,-0.5625 l 0.281254,-0.64062 -0.156254,-0.20313 c -0.625,0.34375 -1.015626,0.46875 -1.54688,0.46875 -0.687493,0 -1.343746,-0.375 -1.671866,-0.9375 -0.218747,-0.375 -0.29688,-0.6875 -0.328134,-1.3125 h 1.75 c 0.75,0 1.34376,-0.0781 2.09376,-0.26562 z m -2.79688,0.29687 h -0.06253 c -0.07813,0 -0.437507,-0.0156 -0.640627,-0.0312 l -0.42188,-0.0156 c 0.04693,-1.3125 0.359374,-1.84375 1.125,-1.84375 0.765627,0 1.07812,0.53125 1.109374,1.84375 z m 10.062507,-5.85937 -0.109333,-0.0781 -0.95312,0.29688 c -0.390627,0.10937 -0.843747,0.1875 -1.609374,0.28125 v 0.46875 l 0.70312,0.0469 c 0.29688,0.0156 0.34376,0.14063 0.34376,0.92188 v 1.625 l -0.265626,-0.10938 c -0.375054,-0.14062 -0.734427,-0.21875 -1.06256,-0.21875 -0.421867,0 -0.812494,0.10938 -1.171867,0.34375 l -0.953133,0.625 c -0.75,0.5 -1.109374,1.25 -1.109374,2.40625 0,1.89063 0.984374,3.09375 2.531254,3.09375 0.312493,0 0.515626,-0.0469 0.656253,-0.15625 l 1.375,-1.125 -0.06253,1 0.06253,0.10938 c 0.796867,-0.0312 1.046867,-0.0469 1.20312,-0.0469 0.09373,0 0.343747,0.0156 0.718747,0.0312 0.07813,0 0.343746,0 0.609373,0.0156 v -0.5 l -0.437493,-0.0312 c -0.406254,-0.0156 -0.468747,-0.125 -0.468747,-0.84375 z m -1.625,7.35937 c 0,0.59375 -0.625,1.09375 -1.359387,1.09375 -0.937493,0 -1.53124,-0.92187 -1.53124,-2.35937 0,-1.34375 0.468747,-2.01563 1.40624,-2.01563 0.562507,0 1.04688,0.26563 1.484387,0.84375 z m 9.117186,-1.79687 c 0,-1.42188 -1,-2.32813 -2.515626,-2.32813 -0.468747,0 -0.812507,0.0937 -1.17188,0.29688 l -0.625,0.375 c -0.875,0.51562 -1.25,1.3125 -1.25,2.57812 0,2.10938 1.062506,3.21875 3.031253,3.21875 0.765627,0 1.25,-0.125 2.109373,-0.5625 l 0.281254,-0.64062 -0.156254,-0.20313 c -0.625,0.34375 -1.015626,0.46875 -1.54688,0.46875 -0.687493,0 -1.343746,-0.375 -1.671866,-0.9375 -0.218747,-0.375 -0.29688,-0.6875 -0.328134,-1.3125 h 1.75 c 0.75,0 1.34376,-0.0781 2.09376,-0.26562 z m -2.79688,0.29687 h -0.06253 c -0.07813,0 -0.437507,-0.0156 -0.640627,-0.0312 l -0.42188,-0.0156 c 0.04693,-1.3125 0.359374,-1.84375 1.125,-1.84375 0.765627,0 1.07812,0.53125 1.109374,1.84375 z m 8.125,-0.70312 0.109334,-1.625 c -0.531214,-0.21875 -0.937454,-0.29688 -1.640587,-0.29688 -1.796867,0 -2.765627,0.71875 -2.765627,2.04688 0,0.875 0.484387,1.42187 1.406254,1.65625 l 1.140626,0.28125 c 0.609374,0.14062 0.843747,0.35937 0.843747,0.82812 0,0.625 -0.484373,1.03125 -1.218747,1.03125 -0.625,0 -1.062493,-0.20312 -1.484373,-0.70312 l -0.07813,-0.90625 h -0.515627 l -0.09373,1.875 c 0.765626,0.26562 1.359386,0.35937 2.062506,0.35937 1.67188,0 2.79688,-0.90625 2.79688,-2.28125 0,-0.95312 -0.484386,-1.4375 -1.687506,-1.70312 l -1.07812,-0.25 c -0.531254,-0.10938 -0.734374,-0.32813 -0.734374,-0.73438 0,-0.53125 0.45312,-0.875 1.171867,-0.875 0.531253,0 1.109373,0.26563 1.156253,0.53125 l 0.124934,0.76563 z m 21.152346,0 c 0.156254,0.0312 0.171867,0.0312 0.20312,0.0312 0.328134,0.0469 0.390627,0.0625 0.578134,0.0625 1.70312,0 2.984373,-1.21875 2.984373,-2.8125 0,-1.32813 -0.84376,-2 -2.515627,-2 h -0.156253 c -1.45312,0.0312 -2.25,0.0469 -2.406253,0.0469 -0.28124,0 -0.28124,0 -2.296867,-0.0469 v 0.5 l 0.5,0.0312 c 0.593747,0.0625 0.625,0.14062 0.625,1.29687 v 5.42188 c 0,1.1875 0,1.21875 -0.625,1.26562 l -0.5,0.0469 v 0.53125 c 1.609373,-0.0469 1.609373,-0.0469 2.07812,-0.0469 0.406253,0 0.406253,0 2.187507,0.0469 v -0.53125 l -0.625,-0.0469 c -0.609387,-0.0469 -0.640627,-0.0937 -0.640627,-1.26562 v -6.46875 c 0.20312,-0.0781 0.437493,-0.10938 0.796867,-0.10938 1.109373,0 1.67188,0.59375 1.67188,1.78125 0,1.0625 -0.531254,1.75 -1.375,1.75 -0.109334,0 -0.124934,0 -0.468747,-0.0781 -0.0156,0 -0.04693,0 -0.109333,0 l -0.124934,0.125 z m 10.11328,0.40625 c 0,-1.42188 -1,-2.32813 -2.515627,-2.32813 -0.468746,0 -0.812493,0.0937 -1.171879,0.29688 l -0.625,0.375 c -0.875,0.51562 -1.25,1.3125 -1.25,2.57812 0,2.10938 1.062506,3.21875 3.031253,3.21875 0.765626,0 1.25,-0.125 2.109373,-0.5625 l 0.281253,-0.64062 -0.156253,-0.20313 c -0.625,0.34375 -1.015627,0.46875 -1.546867,0.46875 -0.687506,0 -1.34376,-0.375 -1.671879,-0.9375 -0.218747,-0.375 -0.29688,-0.6875 -0.32812,-1.3125 h 1.749999 c 0.75,0 1.343747,-0.0781 2.093747,-0.26562 z m -2.79688,0.29687 h -0.06253 c -0.07813,0 -0.437507,-0.0156 -0.640627,-0.0312 l -0.42188,-0.0156 c 0.04693,-1.3125 0.359374,-1.84375 1.125,-1.84375 0.765627,0 1.078133,0.53125 1.109373,1.84375 z m 8.519533,2.5625 -0.06253,1.10938 c 1.1094132,-0.0469 1.1094132,-0.0469 1.2500399,-0.0469 0.1249333,0 0.3593733,0 0.7343733,0.0312 0.093733,0 0.3437467,0 0.625,0.0156 v -0.5 l -0.4375066,-0.0312 c -0.4218667,-0.0156 -0.4843734,-0.125 -0.4843734,-0.84375 v -4.84375 l -0.1406266,-0.0781 -0.9218667,0.28125 c -0.4375069,0.14063 -0.6718799,0.17188 -1.4999999,0.28125 v 0.48438 l 0.593747,0.0312 c 0.312493,0.0312 0.343746,0.15625 0.343746,0.9375 v 2.0625 c 0,0.65625 -0.562493,1.20312 -1.265626,1.20312 -0.765627,0 -1.046867,-0.46875 -1.046867,-1.73437 v -3.46875 l -0.124933,-0.0781 -0.937507,0.28125 c -0.437493,0.14063 -0.656253,0.17188 -1.5,0.28125 v 0.48438 l 0.609373,0.0312 c 0.29688,0.0312 0.343747,0.15625 0.343747,0.9375 v 2.375 c 0,1.34375 0.71876,2.07812 1.984387,2.07812 0.390613,0 0.734373,-0.0937 0.937493,-0.29687 z m 9.94141335,-3.82812 0.0625333,-0.84375 c -0.54687999,0.0469 -0.79687998,0.0625 -1.09374665,0.0625 -0.1093333,0 -0.2656266,0 -0.4687466,-0.0156 -0.54688,-0.39062 -1.17188,-0.5625 -2.0312533,-0.5625 -1.6875066,0 -2.8749999,0.98438 -2.8749999,2.375 0,0.48438 0.1718666,0.92188 0.4843733,1.26563 0.2656267,0.26562 0.45312,0.39062 0.92188,0.54687 l -0.9375067,0.71875 c -0.1406266,0.0937 -0.2343733,0.375 -0.2343733,0.64063 0,0.48437 0.25,0.71875 0.9062533,0.89062 l -1.0781333,0.64063 c -0.20312,0.10937 -0.3437466,0.45312 -0.3437466,0.8125 0,1.15625 1.1249999,1.89062 2.8749999,1.89062 2.3125066,0 3.89062651,-1.20312 3.89062651,-2.96875 0,-1.125 -0.62499998,-1.65625 -1.96874661,-1.65625 h -0.3125066 c -1.32812,0.0469 -1.7968666,0.0625 -1.95312,0.0625 -0.4062533,0 -0.6093733,-0.14062 -0.6093733,-0.40625 0,-0.20312 0.1093333,-0.35937 0.375,-0.51562 0.2343733,0.0156 0.375,0.0312 0.53124,0.0312 0.92188,0 1.7656266,-0.3125 2.3125066,-0.85938 0.4062533,-0.40625 0.57812,-0.875 0.57812,-1.53125 0,-0.21875 0,-0.375 -0.062533,-0.625 z m -3.68750655,-0.70313 c 0.70312,0 1.0937466,0.57813 1.0937466,1.625 0,0.9375 -0.3593733,1.4375 -1.0624933,1.4375 -0.6875066,0 -1.1093733,-0.60937 -1.1093733,-1.59375 0,-0.96875 0.3593733,-1.46875 1.07812,-1.46875 z m 0.2656266,5.79688 c 1.625,0 2.0156267,0.20312 2.0156267,1.0625 0,0.90625 -0.8906267,1.60937 -2.0625067,1.60937 -1.1874933,0 -1.9687466,-0.5625 -1.9687466,-1.39062 0,-0.48438 0.2812534,-0.9375 0.67188,-1.14063 0.2187467,-0.0937 0.70312,-0.14062 1.3437466,-0.14062 z m 9.9023465,-4.125 c 0,-1.42188 -1,-2.32813 -2.5156266,-2.32813 -0.4687467,0 -0.8125067,0.0937 -1.17188,0.29688 l -0.625,0.375 c -0.875,0.51562 -1.24999997,1.3125 -1.24999997,2.57812 0,2.10938 1.06250667,3.21875 3.03125327,3.21875 0.7656266,0 1.25,-0.125 2.1093733,-0.5625 l 0.2812533,-0.64062 -0.1562533,-0.20313 c -0.625,0.34375 -1.0156267,0.46875 -1.54688,0.46875 -0.6874933,0 -1.3437466,-0.375 -1.6718666,-0.9375 -0.2187467,-0.375 -0.29688,-0.6875 -0.3281333,-1.3125 h 1.7499999 c 0.75,0 1.34376,-0.0781 2.09376,-0.26562 z m -2.79688,0.29687 h -0.062533 c -0.078133,0 -0.4375067,-0.0156 -0.6406267,-0.0312 L 2.33456,134.17579 c 0.046933,-1.3125 0.3593733,-1.84375 1.1249999,-1.84375 0.7656267,0 1.07812,0.53125 1.1093733,1.84375 z m 7.1250001,-2.625 c -2.1093735,0 -3.2812535,1.15625 -3.2812535,3.28125 0,2.03125 1.09376,3.1875 3.0156265,3.1875 2.125,0 3.312507,-1.20312 3.312507,-3.35937 0,-2.01563 -1.078134,-3.10938 -3.04688,-3.10938 z m -0.156254,0.625 c 0.953134,0 1.406254,0.95313 1.406254,2.90625 0,1.60938 -0.375,2.3125 -1.281254,2.3125 -0.9531196,0 -1.4374929,-0.96875 -1.4374929,-2.89062 0,-1.60938 0.3906267,-2.32813 1.3124929,-2.32813 z m 8.027347,4.82813 -0.09373,-0.25 c -0.265627,0.125 -0.406254,0.17187 -0.609374,0.17187 -0.625,0 -0.828133,-0.21875 -0.828133,-0.85937 v -3.17188 h 1.406253 l 0.109334,-0.85937 -1.515627,0.0781 v -0.76562 c 0,-0.70313 0.0312,-1.14063 0.156253,-1.8125 l -0.187493,-0.125 c -0.531253,0.25 -0.937507,0.40625 -1.625,0.65625 0.0468,0.6875 0.06253,0.95312 0.06253,1.21875 v 0.79687 l -0.875,0.57813 v 0.29687 l 0.843747,-0.0625 v 3.4375 c 0,1.1875 0.5,1.6875 1.656253,1.6875 0.406254,0 0.734374,-0.0781 0.859374,-0.23437 z m 20.191413,-3.53125 c 0.15624,0.0312 0.171866,0.0312 0.20312,0.0312 0.32812,0.0469 0.390626,0.0625 0.57812,0.0625 1.703133,0 2.984373,-1.21875 2.984373,-2.8125 0,-1.32813 -0.843747,-2 -2.515613,-2 h -0.156254 c -1.453133,0.0312 -2.25,0.0469 -2.406253,0.0469 -0.281253,0 -0.281253,0 -2.29688,-0.0469 v 0.5 l 0.5,0.0312 c 0.59376,0.0625 0.625,0.14062 0.625,1.29687 v 5.42188 c 0,1.1875 0,1.21875 -0.625,1.26562 l -0.5,0.0469 v 0.53125 c 1.609387,-0.0469 1.609387,-0.0469 2.078133,-0.0469 0.406254,0 0.406254,0 2.187494,0.0469 v -0.53125 l -0.625,-0.0469 c -0.609374,-0.0469 -0.640627,-0.0937 -0.640627,-1.26562 v -6.46875 c 0.203133,-0.0781 0.437507,-0.10938 0.79688,-0.10938 1.109373,0 1.67188,0.59375 1.67188,1.78125 0,1.0625 -0.531253,1.75 -1.375,1.75 -0.109333,0 -0.124933,0 -0.46876,-0.0781 -0.0156,0 -0.0468,0 -0.109333,0 l -0.124934,0.125 z m 10.117186,0.40625 c 0,-1.42188 -1,-2.32813 -2.515626,-2.32813 -0.468747,0 -0.812507,0.0937 -1.17188,0.29688 l -0.625,0.375 c -0.875,0.51562 -1.25,1.3125 -1.25,2.57812 0,2.10938 1.062506,3.21875 3.031253,3.21875 0.765627,0 1.25,-0.125 2.109373,-0.5625 l 0.281253,-0.64062 -0.156253,-0.20313 c -0.625,0.34375 -1.015627,0.46875 -1.54688,0.46875 -0.687493,0 -1.343746,-0.375 -1.671866,-0.9375 -0.218747,-0.375 -0.29688,-0.6875 -0.328134,-1.3125 h 1.75 c 0.75,0 1.34376,-0.0781 2.09376,-0.26562 z m -2.79688,0.29687 h -0.06253 c -0.07813,0 -0.437507,-0.0156 -0.640627,-0.0312 l -0.42188,-0.0156 c 0.04693,-1.3125 0.359374,-1.84375 1.125,-1.84375 0.765627,0 1.07812,0.53125 1.109374,1.84375 z m 3.625,-1.57812 0.609373,0.0312 c 0.29688,0.0312 0.343747,0.15625 0.343747,0.9375 v 2.90625 c 0,0.71875 -0.06253,0.82812 -0.484373,0.84375 l -0.468747,0.0312 v 0.5 l 1.718747,-0.0469 c 0.265626,0 0.906253,0.0156 1.79688,0.0469 v -0.5 l -0.468747,-0.0312 c -0.406253,-0.0156 -0.484373,-0.125 -0.484373,-0.84375 v -2.875 c 0,-0.46875 0.546866,-0.90625 1.140613,-0.90625 0.875,0 1.25,0.45312 1.25,1.51562 v 3.64063 c 0.75,-0.0312 0.984387,-0.0469 1.187507,-0.0469 0.187493,0 0.187493,0 1.343746,0.0469 v -0.5 l -0.437493,-0.0312 c -0.406253,-0.0156 -0.484373,-0.125 -0.484373,-0.84375 v -2.46875 c 0,-1.03125 -0.109334,-1.53125 -0.453134,-1.90625 -0.359373,-0.35938 -0.890626,-0.54688 -1.546866,-0.54688 -0.406254,0 -0.71876,0.0781 -0.937507,0.25 l -1.062493,0.8125 v -0.98437 l -0.07813,-0.0781 c -1.375,0.45313 -1.75,0.53125 -2.484373,0.5625 z m 10.585933,-4.35938 -0.968746,0.29688 c -0.343747,0.0937 -0.781254,0.1875 -1.5,0.28125 v 0.46875 l 0.609373,0.0469 c 0.29688,0.0156 0.343747,0.14063 0.343747,0.92188 v 6.21875 c 0,0.71875 -0.06253,0.82812 -0.484374,0.84375 l -0.468746,0.0312 v 0.5 l 1.718746,-0.0469 c 0.265627,0 0.906254,0.0156 1.79688,0.0469 v -0.5 l -0.468747,-0.0312 c -0.406253,-0.0156 -0.484373,-0.125 -0.484373,-0.84375 v -2.875 c 0,-0.46875 0.546867,-0.90625 1.140613,-0.90625 0.875,0 1.25,0.45312 1.25,1.53125 v 3.625 c 0.75,-0.0312 0.984387,-0.0469 1.187507,-0.0469 0.187493,0 0.187493,0 1.343747,0.0469 v -0.5 l -0.437494,-0.0312 c -0.406253,-0.0156 -0.484373,-0.125 -0.484373,-0.84375 v -2.46875 c 0,-1.03125 -0.109333,-1.53125 -0.453133,-1.90625 -0.359374,-0.35938 -0.890627,-0.54688 -1.546867,-0.54688 -0.406253,0 -0.71876,0.0781 -0.937507,0.25 l -1.062493,0.8125 v -4.29687 z m 9.304693,8.67188 -0.06253,0.82812 0.06253,0.10938 c 0.82812,-0.0312 1.04688,-0.0469 1.218747,-0.0469 0.156253,0 0.359373,0.0156 1.156253,0.0469 v -0.5 l -0.390626,-0.0312 c -0.29688,-0.0625 -0.359374,-0.1875 -0.375,-0.8125 v -0.28125 c -0.0156,-0.42188 -0.0312,-0.79688 -0.0312,-1.125 0,-0.35938 0.0156,-0.78125 0.0312,-1.28125 0.0156,-0.17188 0.0156,-0.29688 0.0156,-0.39063 0,-1.17187 -0.79688,-1.875 -2.140627,-1.875 -0.562493,0 -1.109373,0.14063 -1.593747,0.45313 l -0.703133,0.42187 v 0.90625 l 0.390627,0.0937 0.29688,-0.65625 c 0.04693,-0.0937 0.42188,-0.1875 0.765626,-0.1875 0.890627,0 1.32812,0.48438 1.359374,1.5625 l -1.17188,0.25 c -1.671867,0.34375 -2.265627,0.85938 -2.265627,1.98438 0,1.07812 0.54688,1.64062 1.54688,1.64062 0.29688,0 0.531253,-0.0469 0.656253,-0.15625 z m 0,-0.64063 c -0.25,0.34375 -0.734373,0.59375 -1.140626,0.59375 -0.42188,0 -0.67188,-0.3125 -0.67188,-0.82812 0,-0.65625 0.281253,-0.92188 1.21876,-1.17188 l 0.593746,-0.15625 z m 5.5,-4.71875 -0.92188,0.28125 c -0.437493,0.14063 -0.671866,0.17188 -1.5,0.28125 v 0.48438 l 0.59376,0.0312 c 0.296867,0.0312 0.343747,0.15625 0.343747,0.9375 v 2.90625 c 0,0.71875 -0.06253,0.82812 -0.484373,0.84375 l -0.453134,0.0312 v 0.5 l 1.703133,-0.0469 c 0.171867,0 0.218747,0 2.015627,0.0469 v -0.5 l -0.531253,-0.0312 c -0.562507,-0.0156 -0.625,-0.0937 -0.625,-0.84375 v -2.625 c 0,-0.42188 0.531253,-0.85938 1.062493,-0.85938 0.328133,0 0.562507,0.15625 0.75,0.48438 l 0.312507,-0.14063 0.07813,-1.70312 c -0.140627,-0.0625 -0.312493,-0.0781 -0.5,-0.0781 -0.375,0 -0.625,0.15625 -1.125,0.70313 l -0.57812,0.625 v -1.25 z m 9.08984,-3.23437 -0.109333,-0.0781 -0.95312,0.29688 c -0.390627,0.10937 -0.84376,0.1875 -1.609374,0.28125 v 0.46875 l 0.70312,0.0469 c 0.29688,0.0156 0.343747,0.14063 0.343747,0.92188 v 1.625 l -0.265627,-0.10938 c -0.37504,-0.14062 -0.734413,-0.21875 -1.062533,-0.21875 -0.42188,0 -0.812507,0.10938 -1.17188,0.34375 l -0.95312,0.625 c -0.75,0.5 -1.109373,1.25 -1.109373,2.40625 0,1.89063 0.984373,3.09375 2.53124,3.09375 0.312506,0 0.515626,-0.0469 0.656253,-0.15625 l 1.375,-1.125 -0.06253,1 0.06253,0.10938 c 0.79688,-0.0312 1.04688,-0.0469 1.203133,-0.0469 0.09373,0 0.343747,0.0156 0.718747,0.0312 0.07813,0 0.343747,0 0.609373,0.0156 v -0.5 l -0.437506,-0.0312 c -0.40624,-0.0156 -0.468747,-0.125 -0.468747,-0.84375 z m -1.625,7.35937 c 0,0.59375 -0.625,1.09375 -1.359373,1.09375 -0.937494,0 -1.531254,-0.92187 -1.531254,-2.35937 0,-1.34375 0.46876,-2.01563 1.406254,-2.01563 0.562506,0 1.04688,0.26563 1.484373,0.84375 z m 12.437506,-1.79687 c 0,-1.42188 -1,-2.32813 -2.515626,-2.32813 -0.468747,0 -0.812507,0.0937 -1.17188,0.29688 l -0.625,0.375 c -0.875,0.51562 -1.25,1.3125 -1.25,2.57812 0,2.10938 1.062506,3.21875 3.031253,3.21875 0.765627,0 1.25,-0.125 2.109373,-0.5625 l 0.281254,-0.64062 -0.156254,-0.20313 c -0.625,0.34375 -1.015626,0.46875 -1.54688,0.46875 -0.687493,0 -1.343746,-0.375 -1.671866,-0.9375 -0.218747,-0.375 -0.29688,-0.6875 -0.328134,-1.3125 h 1.75 c 0.75,0 1.34376,-0.0781 2.09376,-0.26562 z m -2.79688,0.29687 h -0.06253 c -0.07813,0 -0.437507,-0.0156 -0.640627,-0.0312 l -0.42188,-0.0156 c 0.04693,-1.3125 0.359374,-1.84375 1.125,-1.84375 0.765627,0 1.07812,0.53125 1.109374,1.84375 z m 7.609374,2.82813 -0.09373,-0.25 c -0.265626,0.125 -0.406253,0.17187 -0.609373,0.17187 -0.625,0 -0.828133,-0.21875 -0.828133,-0.85937 v -3.17188 h 1.406253 l 0.109333,-0.85937 -1.515626,0.0781 v -0.76562 c 0,-0.70313 0.0312,-1.14063 0.156253,-1.8125 l -0.187493,-0.125 c -0.531254,0.25 -0.937507,0.40625 -1.625,0.65625 0.0468,0.6875 0.06253,0.95312 0.06253,1.21875 v 0.79687 l -0.875,0.57813 v 0.29687 l 0.843747,-0.0625 v 3.4375 c 0,1.1875 0.5,1.6875 1.656253,1.6875 0.406253,0 0.734373,-0.0781 0.859373,-0.23437 z m 37.828132,-6.51563 v 5.51563 c 0,1.1875 -0.0156,1.21875 -0.64063,1.26562 l -0.5,0.0469 v 0.53125 c 1.60938,-0.0469 1.60938,-0.0469 2.0625,-0.0469 0.45313,0 0.46874,0 2.07813,0.0469 v -0.53125 l -0.5,-0.0469 c -0.625,-0.0469 -0.625,-0.0781 -0.625,-1.26562 v -5.42188 c 0,-1.15625 0.0312,-1.23437 0.625,-1.29687 l 0.5,-0.0312 v -0.5 c -1.39063,0.0469 -1.39063,0.0469 -1.54688,0.0469 -0.14063,0 -0.14063,0 -1.53125,-0.0469 -0.375,0.92187 -0.5,1.20312 -0.64063,1.5 l -2.43749,5.01562 -2.09375,-4.375 c -0.15625,-0.32812 -0.42188,-0.89062 -1,-2.14062 l -1.59376,0.0469 c -0.20312,0 -0.51563,-0.0156 -0.90624,-0.0312 -0.20313,0 -0.21876,0 -0.68751,-0.0156 v 0.5 l 0.5,0.0312 c 0.59375,0.0625 0.625,0.14062 0.625,1.29687 v 5.42188 c 0,1.17187 -0.0312,1.25 -0.625,1.3125 l -0.5,0.0312 v 0.5 c 1.28126,-0.0469 1.28126,-0.0469 1.53126,-0.0469 0.26562,0 0.875,0.0156 1.51562,0.0469 v -0.5 l -0.5,-0.0312 c -0.59376,-0.0625 -0.625,-0.125 -0.625,-1.3125 v -5.53125 l 3.04687,6.35937 c 0.0937,0.20313 0.23437,0.51563 0.48437,1.10938 h 0.45314 c 0.25,-0.625 0.29686,-0.75 0.79686,-1.76563 z m 7.23437,1.0625 c -2.10937,0 -3.28125,1.15625 -3.28125,3.28125 0,2.03125 1.09375,3.1875 3.01563,3.1875 2.125,0 3.31249,-1.20312 3.31249,-3.35937 0,-2.01563 -1.07812,-3.10938 -3.04687,-3.10938 z m -0.15625,0.625 c 0.95312,0 1.40625,0.95313 1.40625,2.90625 0,1.60938 -0.375,2.3125 -1.28125,2.3125 -0.95312,0 -1.43751,-0.96875 -1.43751,-2.89062 0,-1.60938 0.39063,-2.32813 1.31251,-2.32813 z m 6.55859,-0.625 -0.92187,0.28125 c -0.43751,0.14063 -0.67188,0.17188 -1.5,0.28125 v 0.48438 l 0.59375,0.0312 c 0.29688,0.0312 0.34374,0.15625 0.34374,0.9375 v 2.90625 c 0,0.71875 -0.0625,0.82812 -0.48437,0.84375 l -0.45312,0.0312 v 0.5 l 1.70312,-0.0469 c 0.17188,0 0.21875,0 2.01563,0.0469 v -0.5 l -0.53126,-0.0312 c -0.56249,-0.0156 -0.625,-0.0937 -0.625,-0.84375 v -2.625 c 0,-0.42188 0.53126,-0.85938 1.06251,-0.85938 0.32812,0 0.56249,0.15625 0.75,0.48438 l 0.31249,-0.14063 0.0781,-1.70312 c -0.14063,-0.0625 -0.31251,-0.0781 -0.5,-0.0781 -0.375,0 -0.625,0.15625 -1.125,0.70313 l -0.57814,0.625 v -1.25 z m 7.15234,1.92188 0.10934,-1.625 c -0.5312,-0.21875 -0.93746,-0.29688 -1.64059,-0.29688 -1.79687,0 -2.76561,0.71875 -2.76561,2.04688 0,0.875 0.48437,1.42187 1.40624,1.65625 l 1.14062,0.28125 c 0.60938,0.14062 0.84375,0.35937 0.84375,0.82812 0,0.625 -0.48437,1.03125 -1.21875,1.03125 -0.625,0 -1.06249,-0.20312 -1.48437,-0.70312 l -0.0781,-0.90625 h -0.51563 l -0.0937,1.875 c 0.76561,0.26562 1.35937,0.35937 2.06249,0.35937 1.67188,0 2.79688,-0.90625 2.79688,-2.28125 0,-0.95312 -0.48437,-1.4375 -1.68751,-1.70312 l -1.07812,-0.25 c -0.53125,-0.10938 -0.73437,-0.32813 -0.73437,-0.73438 0,-0.53125 0.45312,-0.875 1.17187,-0.875 0.53125,0 1.10937,0.26563 1.15625,0.53125 l 0.12493,0.76563 z M 50.205692,146.57032 c 0,-1.17188 0.0156,-1.20313 0.640627,-1.25 l 0.5,-0.0469 v -0.53125 c -1.625,0.0469 -1.625,0.0469 -2.07812,0.0469 -0.453134,0 -0.46876,0 -2.062507,-0.0469 v 0.53125 l 0.5,0.0469 c 0.625,0.0469 0.625,0.0781 0.625,1.25 v 5.95312 c 0,0.45313 -0.06253,0.65625 -0.265627,0.76563 l -0.421866,0.23437 v 0.3125 c 1.312493,-0.0469 1.312493,-0.0469 1.625,-0.0469 h 0.45312 c 1.343746,0.0469 1.875,0.0469 2.54688,0.0469 0.687493,0 1.109373,0 1.875,-0.0469 l 0.06253,-0.10937 0.140627,-2.20312 h -0.515627 l -0.296867,1.35937 c -0.0312,0.10937 -0.765626,0.21875 -1.578133,0.21875 -0.562493,0 -1.062493,-0.0156 -1.75,-0.0312 z m 10.72656,3.29687 c 0,-1.42187 -1,-2.32812 -2.515627,-2.32812 -0.468746,0 -0.812493,0.0937 -1.171866,0.29687 l -0.625,0.375 c -0.875,0.51563 -1.25,1.3125 -1.25,2.57813 0,2.10937 1.062493,3.21875 3.031253,3.21875 0.765613,0 1.25,-0.125 2.109373,-0.5625 l 0.28124,-0.64063 -0.15624,-0.20312 c -0.625,0.34375 -1.015626,0.46875 -1.54688,0.46875 -0.687493,0 -1.343746,-0.375 -1.67188,-0.9375 -0.218746,-0.375 -0.296866,-0.6875 -0.32812,-1.3125 h 1.75 c 0.75,0 1.343747,-0.0781 2.093747,-0.26563 z m -2.796867,0.29688 h -0.06253 c -0.07813,0 -0.437493,-0.0156 -0.640627,-0.0312 l -0.421866,-0.0156 c 0.04693,-1.3125 0.359373,-1.84375 1.125,-1.84375 0.765626,0 1.07812,0.53125 1.109373,1.84375 z m 6.32812,3.67187 h 1.140627 c 0.218746,-0.60937 0.343746,-0.9375 0.5,-1.29687 l 1.70312,-3.82813 c 0.124933,-0.28125 0.25,-0.40625 0.484373,-0.45312 l 0.390627,-0.0625 v -0.5 l -1.265627,0.0312 c -0.687493,0 -0.796867,0 -1.296867,-0.0312 v 0.5 l 0.515627,0.0312 c 0.171867,0.0156 0.296867,0.10937 0.296867,0.21875 0,0.15625 -0.0312,0.34375 -0.124934,0.54687 l -0.796866,2 c -0.124934,0.29688 -0.25,0.57813 -0.46876,1.0625 l -1.171867,-2.92187 c -0.124933,-0.34375 -0.187507,-0.53125 -0.187507,-0.6875 0,-0.125 0.109334,-0.20313 0.312507,-0.21875 l 0.546867,-0.0312 v -0.5 l -1.718747,0.0312 c -0.171867,0 -0.390627,0 -1.734373,-0.0312 v 0.5 l 0.343746,0.0312 c 0.21876,0.0312 0.390627,0.25 0.625,0.82812 z m 8.33984,-0.9375 -0.06253,0.82813 0.06253,0.10937 c 0.828133,-0.0312 1.04688,-0.0469 1.21876,-0.0469 0.15624,0 0.359373,0.0156 1.15624,0.0469 v -0.5 l -0.390627,-0.0312 c -0.296867,-0.0625 -0.359373,-0.1875 -0.375,-0.8125 v -0.28125 c -0.0156,-0.42187 -0.0312,-0.79687 -0.0312,-1.125 0,-0.35937 0.0156,-0.78125 0.0312,-1.28125 0.0156,-0.17187 0.0156,-0.29687 0.0156,-0.39062 0,-1.17188 -0.796866,-1.875 -2.140626,-1.875 -0.562494,0 -1.109374,0.14062 -1.593747,0.45312 l -0.70312,0.42188 v 0.90625 l 0.390627,0.0937 0.296866,-0.65625 c 0.04693,-0.0937 0.42188,-0.1875 0.765627,-0.1875 0.890627,0 1.328133,0.48438 1.359373,1.5625 l -1.171866,0.25 c -1.67188,0.34375 -2.265627,0.85938 -2.265627,1.98438 0,1.07812 0.546867,1.64062 1.546867,1.64062 0.29688,0 0.531253,-0.0469 0.656253,-0.15624 z m 0,-0.64062 c -0.25,0.34375 -0.734373,0.59375 -1.140627,0.59375 -0.421866,0 -0.671866,-0.3125 -0.671866,-0.82813 0,-0.65625 0.281253,-0.92187 1.218746,-1.17187 l 0.593747,-0.15625 z m 7.484373,-2.79688 0.109333,-1.625 c -0.531253,-0.21875 -0.937506,-0.29687 -1.640626,-0.29687 -1.79688,0 -2.765627,0.71875 -2.765627,2.04687 0,0.875 0.484373,1.42188 1.406253,1.65625 l 1.140614,0.28125 c 0.609386,0.14063 0.84376,0.35938 0.84376,0.82813 0,0.625 -0.484374,1.03125 -1.21876,1.03125 -0.625,0 -1.062494,-0.20313 -1.484374,-0.70313 l -0.07813,-0.90625 h -0.515627 l -0.09373,1.875 c 0.765627,0.26563 1.359373,0.35938 2.062493,0.35938 1.67188,0 2.79688,-0.90625 2.79688,-2.28125 0,-0.95313 -0.484373,-1.4375 -1.687506,-1.70313 l -1.07812,-0.25 c -0.531254,-0.10937 -0.734374,-0.32812 -0.734374,-0.73437 0,-0.53125 0.45312,-0.875 1.17188,-0.875 0.53124,0 1.109374,0.26562 1.15624,0.53125 l 0.124934,0.76562 z m 5.89844,0 0.109333,-1.625 c -0.53124,-0.21875 -0.937493,-0.29687 -1.640613,-0.29687 -1.79688,0 -2.765627,0.71875 -2.765627,2.04687 0,0.875 0.484374,1.42188 1.40624,1.65625 l 1.140627,0.28125 c 0.609373,0.14063 0.84376,0.35938 0.84376,0.82813 0,0.625 -0.484387,1.03125 -1.21876,1.03125 -0.625,0 -1.062493,-0.20313 -1.484373,-0.70313 l -0.07813,-0.90625 h -0.515626 l -0.09373,1.875 c 0.765627,0.26563 1.359374,0.35938 2.062494,0.35938 1.67188,0 2.79688,-0.90625 2.79688,-2.28125 0,-0.95313 -0.484374,-1.4375 -1.687507,-1.70313 l -1.07812,-0.25 c -0.531253,-0.10937 -0.734373,-0.32812 -0.734373,-0.73437 0,-0.53125 0.45312,-0.875 1.171866,-0.875 0.531254,0 1.109387,0.26562 1.156254,0.53125 l 0.124933,0.76562 z m 4.89844,-1.92187 c -2.109374,0 -3.281254,1.15625 -3.281254,3.28125 0,2.03125 1.09376,3.1875 3.015627,3.1875 2.125,0 3.312507,-1.20313 3.312507,-3.35938 0,-2.01562 -1.078134,-3.10937 -3.04688,-3.10937 z m -0.156254,0.625 c 0.953134,0 1.406254,0.95312 1.406254,2.90625 0,1.60937 -0.375,2.3125 -1.281254,2.3125 -0.95312,0 -1.437493,-0.96875 -1.437493,-2.89063 0,-1.60937 0.390627,-2.32812 1.312493,-2.32812 z m 6.554694,-0.625 -0.92188,0.28125 c -0.437494,0.14062 -0.671867,0.17187 -1.5,0.28125 v 0.48437 l 0.59376,0.0312 c 0.296866,0.0312 0.343746,0.15625 0.343746,0.9375 v 2.90625 c 0,0.71875 -0.06253,0.82813 -0.484373,0.84375 l -0.453133,0.0313 v 0.5 l 1.703133,-0.0469 c 0.171867,0 0.218747,0 2.015627,0.0469 v -0.5 l -0.531254,-0.0313 c -0.562506,-0.0156 -0.625,-0.0937 -0.625,-0.84375 v -2.625 c 0,-0.42187 0.531254,-0.85937 1.062494,-0.85937 0.328133,0 0.562506,0.15625 0.75,0.48437 l 0.312506,-0.14062 0.07813,-1.70313 c -0.140627,-0.0625 -0.312494,-0.0781 -0.5,-0.0781 -0.375,0 -0.625,0.15625 -1.125,0.70312 l -0.57812,0.625 v -1.25 z m 0,0"
       style="fill:#000000;fill-opacity:1;fill-rule:nonzero;stroke:none;stroke-width:1.33333"
       aria-label="ConceptoMercedesPeugeotPenhardetMors&#10;Levassor" />
    <path
       id="path49"
       d="M -274,158.83633 H 167.36932"
       style="fill:none;stroke:#000000;stroke-width:0.530667;stroke-linecap:butt;stroke-linejoin:miter;stroke-miterlimit:10;stroke-dasharray:none;stroke-opacity:1" />
    <g
       id="g49"
       aria-label="Unidadesfabricadas6554"
       transform="matrix(1.3333333,0,0,1.3333333,-266.02934,170.26033)">
      <path
         id="path50"
         d="m 6.7270625,-5.4130156 c 0,-0.8671875 0.023437,-0.9257813 0.4804688,-0.9726563 l 0.3632812,-0.023437 v -0.375 l -1.1367187,0.035156 c -0.1054688,0 -0.2695313,0 -1.1484375,-0.035156 v 0.375 l 0.375,0.023437 c 0.4453125,0.046875 0.4804687,0.1054688 0.4804687,0.9726563 v 2.4023437 c 0,1.0546875 -0.1289062,1.5820313 -0.46875,1.9335938 -0.28125,0.29296873 -0.75,0.43359373 -1.40625,0.43359373 -0.6914062,0 -1.1367187,-0.1640625 -1.40625,-0.49218753 C 2.6020625,-1.4520781 2.5083125,-1.9208281 2.5083125,-2.9403594 v -2.4726562 c 0,-0.8671875 0.035156,-0.9257813 0.4804688,-0.9726563 l 0.3632812,-0.023437 v -0.375 c -1.2070312,0.035156 -1.2070312,0.035156 -1.546875,0.035156 -0.3398437,0 -0.3515625,0 -1.546875,-0.035156 v 0.375 l 0.375,0.023437 c 0.4453125,0.046875 0.46875,0.1054688 0.46875,0.9726563 v 3.65625 c 0,1.18359373 1.078125,1.92187498 2.7890625,1.92187498 1.9101563,0 2.8359375,-0.8671875 2.8359375,-2.66015628 z m 1.2568359,1.5117187 0.4570313,0.023437 c 0.2226562,0.023437 0.2578125,0.1171875 0.2578125,0.703125 v 2.17968753 c 0,0.5390625 -0.046875,0.62109375 -0.3632813,0.6328125 l -0.3515625,0.0234375 v 0.375 L 9.2729609,0.00104688 c 0.1992188,0 0.6796875,0.01171875 1.3476561,0.03515625 v -0.375 l -0.351562,-0.0234375 c -0.3046878,-0.0117188 -0.3632816,-0.09375 -0.3632816,-0.6328125 V -3.1512969 c 0,-0.3515625 0.4101566,-0.6796875 0.8554686,-0.6796875 0.65625,0 0.9375,0.3398438 0.9375,1.1367188 v 2.73046873 c 0.5625,-0.0234375 0.738281,-0.03515625 0.890625,-0.03515625 0.140625,0 0.140625,0 1.007813,0.03515625 v -0.375 l -0.328125,-0.0234375 c -0.304688,-0.0117188 -0.363282,-0.09375 -0.363282,-0.6328125 V -2.8466094 c 0,-0.7734375 -0.08203,-1.1484375 -0.339843,-1.4296875 -0.269532,-0.2695312 -0.667969,-0.4101562 -1.160157,-0.4101562 -0.304687,0 -0.539062,0.058594 -0.703125,0.1875 l -0.7968746,0.609375 v -0.7382813 l -0.058594,-0.058594 c -1.03125,0.3398437 -1.3125,0.3984375 -1.8632813,0.421875 z m 8.0097656,-0.7851562 -0.691406,0.2109375 c -0.316406,0.1054687 -0.5625,0.140625 -0.972656,0.1875 -0.03516,0 -0.08203,0.011719 -0.152344,0.023437 v 0.3632812 l 0.445312,0.023437 c 0.234375,0.023437 0.257813,0.1171875 0.257813,0.703125 v 2.17968753 c 0,0.5390625 -0.04687,0.62109375 -0.351563,0.6328125 l -0.351562,0.0234375 v 0.375 L 15.46632,0.00104688 c 0.199219,0 0.667969,0.01171875 1.335938,0.03515625 v -0.375 l -0.339844,-0.0234375 c -0.316406,-0.0117188 -0.363281,-0.09375 -0.363281,-0.6328125 V -4.6278594 Z m -0.527344,-2.34375 c -0.433593,0 -0.761718,0.3164062 -0.761718,0.7382812 0,0.4101563 0.328125,0.75 0.75,0.75 0.410156,0 0.738281,-0.3398437 0.738281,-0.7382812 0,-0.4101563 -0.328125,-0.75 -0.726563,-0.75 z m 6.75293,-0.082031 -0.08203,-0.058594 -0.714844,0.2226562 c -0.292969,0.082031 -0.632812,0.140625 -1.207031,0.2109375 v 0.3515625 l 0.527344,0.035156 c 0.222656,0.011719 0.257812,0.1054687 0.257812,0.6914062 v 1.21875 l -0.199219,-0.082031 c -0.28125,-0.1054688 -0.550781,-0.1640625 -0.796875,-0.1640625 -0.316406,0 -0.609375,0.082031 -0.878906,0.2578125 l -0.714844,0.46875 c -0.5625,0.375 -0.832031,0.9375 -0.832031,1.8046875 0,1.41796873 0.738281,2.32031248 1.898438,2.32031248 0.234375,0 0.386718,-0.0351563 0.492187,-0.1171875 l 1.03125,-0.84375 -0.04687,0.75 0.04687,0.08203125 c 0.597656,-0.0234375 0.785156,-0.03515625 0.902344,-0.03515625 0.07031,0 0.257812,0.01171875 0.539062,0.0234375 0.05859,0 0.257813,0 0.457032,0.01171875 v -0.375 l -0.328125,-0.0234375 c -0.304688,-0.0117188 -0.351563,-0.09375 -0.351563,-0.6328125 z m -1.21875,5.5195313 c 0,0.4453125 -0.46875,0.82031248 -1.019531,0.82031248 -0.703125,0 -1.148438,-0.69140628 -1.148438,-1.76953128 0,-1.0078125 0.351563,-1.5117187 1.054688,-1.5117187 0.421875,0 0.785156,0.1992187 1.113281,0.6328125 z m 5.217773,0.92578123 -0.04687,0.62109375 0.04687,0.08203125 c 0.621094,-0.0234375 0.785157,-0.03515625 0.914063,-0.03515625 0.117187,0 0.269531,0.01171875 0.867187,0.03515625 v -0.375 l -0.292968,-0.0234375 c -0.222657,-0.046875 -0.269532,-0.140625 -0.28125,-0.609375 V -1.1825469 c -0.01172,-0.3164062 -0.02344,-0.5976562 -0.02344,-0.84375 0,-0.2695312 0.01172,-0.5859375 0.02344,-0.9609375 0.01172,-0.1289062 0.01172,-0.2226562 0.01172,-0.2929687 0,-0.8789063 -0.597656,-1.40625 -1.605468,-1.40625 -0.421875,0 -0.832032,0.1054687 -1.195313,0.3398437 L 24.1089,-4.0302031 v 0.6796875 l 0.292969,0.070312 0.222656,-0.4921875 c 0.03516,-0.070312 0.316407,-0.140625 0.574219,-0.140625 0.667969,0 0.996094,0.3632812 1.019531,1.171875 l -0.878906,0.1875 c -1.253906,0.2578125 -1.699219,0.6445312 -1.699219,1.4882812 0,0.80859378 0.410157,1.23046878 1.160157,1.23046878 0.222656,0 0.398437,-0.0351563 0.492187,-0.1171875 z m 0,-0.48046873 c -0.1875,0.25781248 -0.550781,0.44531248 -0.855468,0.44531248 -0.316407,0 -0.503907,-0.234375 -0.503907,-0.62109378 0,-0.4921875 0.210938,-0.6914062 0.914063,-0.8789062 l 0.445312,-0.1171875 z m 7.069336,-5.9648438 -0.08203,-0.058594 -0.714844,0.2226562 c -0.292968,0.082031 -0.632812,0.140625 -1.207031,0.2109375 v 0.3515625 l 0.527344,0.035156 c 0.222656,0.011719 0.257812,0.1054687 0.257812,0.6914062 v 1.21875 l -0.199218,-0.082031 c -0.28125,-0.1054688 -0.550782,-0.1640625 -0.796875,-0.1640625 -0.316407,0 -0.609375,0.082031 -0.878907,0.2578125 l -0.714843,0.46875 c -0.5625,0.375 -0.832032,0.9375 -0.832032,1.8046875 0,1.41796873 0.738282,2.32031248 1.898438,2.32031248 0.234375,0 0.386719,-0.0351563 0.492187,-0.1171875 l 1.03125,-0.84375 -0.04687,0.75 0.04687,0.08203125 c 0.597657,-0.0234375 0.785157,-0.03515625 0.902344,-0.03515625 0.07031,0 0.257813,0.01171875 0.539063,0.0234375 0.05859,0 0.257812,0 0.457031,0.01171875 v -0.375 l -0.328125,-0.0234375 c -0.304688,-0.0117188 -0.351563,-0.09375 -0.351563,-0.6328125 z m -1.21875,5.5195313 c 0,0.4453125 -0.46875,0.82031248 -1.019531,0.82031248 -0.703125,0 -1.148437,-0.69140628 -1.148437,-1.76953128 0,-1.0078125 0.351562,-1.5117187 1.054687,-1.5117187 0.421875,0 0.785156,0.1992187 1.113281,0.6328125 z m 6.834961,-1.3476563 c 0,-1.0664062 -0.75,-1.7460937 -1.886718,-1.7460937 -0.351563,0 -0.609375,0.070312 -0.878907,0.2226562 l -0.46875,0.28125 c -0.65625,0.3867188 -0.9375,0.984375 -0.9375,1.9335938 0,1.58203123 0.796875,2.41406248 2.273438,2.41406248 0.574219,0 0.9375,-0.09375 1.582031,-0.421875 l 0.210938,-0.48046875 -0.117188,-0.15234375 c -0.46875,0.2578125 -0.761719,0.3515625 -1.160156,0.3515625 -0.515625,0 -1.007813,-0.28125 -1.253906,-0.70312498 -0.164063,-0.28125 -0.222657,-0.515625 -0.246094,-0.984375 h 1.3125 c 0.5625,0 1.007812,-0.058594 1.570312,-0.1992188 z m -2.097656,0.2226563 h -0.04687 c -0.05859,0 -0.328125,-0.011719 -0.480469,-0.023437 l -0.316406,-0.011719 c 0.03516,-0.984375 0.269531,-1.3828125 0.84375,-1.3828125 0.574219,0 0.808594,0.3984375 0.832031,1.3828125 z m 6.09668,-0.5273438 0.08203,-1.21875 c -0.398437,-0.1640625 -0.703125,-0.2226562 -1.230469,-0.2226562 -1.347656,0 -2.074218,0.5390625 -2.074218,1.5351562 0,0.65625 0.363281,1.0664063 1.054687,1.2421875 l 0.855469,0.2109375 c 0.457031,0.1054688 0.632812,0.2695313 0.632812,0.6210938 0,0.46874998 -0.363281,0.77343748 -0.914062,0.77343748 -0.46875,0 -0.796875,-0.15234375 -1.113281,-0.52734375 L 40.137219,-1.5106719 H 39.7505 l -0.07031,1.40625003 c 0.574218,0.19921875 1.019531,0.26953125 1.546875,0.26953125 1.253906,0 2.097656,-0.6796875 2.097656,-1.71093748 0,-0.7148438 -0.363281,-1.078125 -1.265625,-1.2773438 l -0.808594,-0.1875 c -0.398437,-0.082031 -0.550781,-0.2460937 -0.550781,-0.5507812 0,-0.3984375 0.339844,-0.65625 0.878906,-0.65625 0.398438,0 0.832031,0.1992187 0.867188,0.3984375 l 0.09375,0.5742187 z m 5.683594,-2.15625 c 0,-0.375 0.03516,-0.5507812 0.105468,-0.6796875 0.07031,-0.1523437 0.257813,-0.234375 0.480469,-0.234375 0.210938,0 0.375,0.058594 0.667969,0.234375 l 0.164062,-0.058594 v -0.9726563 c -0.175781,-0.035156 -0.269531,-0.058594 -0.421875,-0.058594 -0.316406,0 -0.550781,0.09375 -0.925781,0.421875 l -0.738281,0.609375 c -0.480469,0.3984375 -0.550781,0.5859375 -0.550781,1.3710937 v 0.421875 c -0.257813,0.1875 -0.457032,0.2929688 -0.785157,0.4570313 v 0.234375 l 0.785157,-0.046875 v 2.70703123 c 0,0.55078125 -0.04687,0.62109375 -0.410157,0.6328125 l -0.410156,0.0234375 v 0.375 c 1.21875,-0.03515625 1.21875,-0.03515625 1.40625,-0.03515625 0.140625,0 0.140625,0 1.582031,0.03515625 v -0.375 l -0.445312,-0.0234375 c -0.269531,0 -0.445313,-0.0703125 -0.46875,-0.1875 -0.02344,-0.0820313 -0.03516,-0.2109375 -0.03516,-0.4453125 V -3.7020781 h 1.242187 l 0.105469,-0.5859375 -0.03516,-0.070312 c -0.65625,0.023437 -0.902344,0.035156 -1.3125,0.035156 z m 4.470703,4.73437503 -0.04687,0.62109375 0.04687,0.08203125 c 0.621093,-0.0234375 0.785156,-0.03515625 0.914062,-0.03515625 0.117188,0 0.269531,0.01171875 0.867188,0.03515625 v -0.375 l -0.292969,-0.0234375 c -0.222656,-0.046875 -0.269531,-0.140625 -0.28125,-0.609375 V -1.1825469 c -0.01172,-0.3164062 -0.02344,-0.5976562 -0.02344,-0.84375 0,-0.2695312 0.01172,-0.5859375 0.02344,-0.9609375 0.01172,-0.1289062 0.01172,-0.2226562 0.01172,-0.2929687 0,-0.8789063 -0.597657,-1.40625 -1.605469,-1.40625 -0.421875,0 -0.832031,0.1054687 -1.195313,0.3398437 l -0.527343,0.3164063 v 0.6796875 l 0.292968,0.070312 0.222657,-0.4921875 c 0.03516,-0.070312 0.316406,-0.140625 0.574218,-0.140625 0.667969,0 0.996094,0.3632812 1.019532,1.171875 l -0.878907,0.1875 c -1.253906,0.2578125 -1.699218,0.6445312 -1.699218,1.4882812 0,0.80859378 0.410156,1.23046878 1.160156,1.23046878 0.222656,0 0.398437,-0.0351563 0.492187,-0.1171875 z m 0,-0.48046873 c -0.1875,0.25781248 -0.550782,0.44531248 -0.855469,0.44531248 -0.316406,0 -0.503906,-0.234375 -0.503906,-0.62109378 0,-0.4921875 0.210937,-0.6914062 0.914062,-0.8789062 l 0.445313,-0.1171875 z m 4.104492,-5.9648438 -0.07031,-0.058594 -0.726562,0.2226562 c -0.28125,0.082031 -0.621094,0.140625 -1.195313,0.2109375 v 0.3515625 l 0.527344,0.035156 c 0.210938,0.011719 0.257813,0.1054687 0.257813,0.6914062 v 4.0429688 c 0,0.5273437 -0.03516,1.12499998 -0.09375,1.65234373 l 0.222656,0.08203125 0.386719,-0.31640625 c 0.457031,0.24609375 0.878906,0.36328125 1.300781,0.36328125 0.316406,0 0.585937,-0.0703125 0.867187,-0.24609375 0.398438,-0.234375 0.855469,-0.55078125 1.136719,-0.7734375 0.503906,-0.41015623 0.832031,-1.17187503 0.832031,-1.94531253 0,-1.1015625 -0.75,-1.8867187 -1.804687,-1.8867187 -0.386719,0 -0.679688,0.1054687 -1.03125,0.3867187 l -0.609375,0.4804688 z m 0,3.8203125 c 0.222656,-0.328125 0.550781,-0.5039062 0.960937,-0.5039062 0.761719,0 1.230469,0.5976562 1.230469,1.59375 0,1.0429687 -0.457031,1.69921873 -1.183594,1.69921873 -0.410156,0 -0.738281,-0.17578125 -1.007812,-0.55078123 z m 6.111328,-1.3945312 -0.691406,0.2109375 c -0.328125,0.1054687 -0.503907,0.1289062 -1.125,0.2109375 v 0.3632812 l 0.445312,0.023437 c 0.222656,0.023437 0.257813,0.1171875 0.257813,0.703125 v 2.17968753 c 0,0.5390625 -0.04687,0.62109375 -0.363282,0.6328125 l -0.339843,0.0234375 v 0.375 l 1.277343,-0.03515625 c 0.128907,0 0.164063,0 1.511719,0.03515625 v -0.375 l -0.398437,-0.0234375 c -0.421875,-0.0117188 -0.46875,-0.0703125 -0.46875,-0.6328125 V -2.9637969 c 0,-0.3164062 0.398437,-0.6445312 0.796875,-0.6445312 0.246093,0 0.421875,0.1171875 0.5625,0.3632812 l 0.234375,-0.1054687 0.05859,-1.2773438 c -0.105468,-0.046875 -0.234375,-0.058594 -0.375,-0.058594 -0.28125,0 -0.46875,0.1171875 -0.84375,0.5273437 l -0.433593,0.46875 v -0.9375 z m 3.908203,0 -0.691406,0.2109375 c -0.316406,0.1054687 -0.5625,0.140625 -0.972656,0.1875 -0.03516,0 -0.08203,0.011719 -0.152344,0.023437 v 0.3632812 l 0.445312,0.023437 c 0.234375,0.023437 0.257813,0.1171875 0.257813,0.703125 v 2.17968753 c 0,0.5390625 -0.04687,0.62109375 -0.351563,0.6328125 l -0.351562,0.0234375 v 0.375 L 66.65382,0.00104688 c 0.199219,0 0.667969,0.01171875 1.335938,0.03515625 v -0.375 l -0.339844,-0.0234375 c -0.316406,-0.0117188 -0.363281,-0.09375 -0.363281,-0.6328125 V -4.6278594 Z m -0.527344,-2.34375 c -0.433593,0 -0.761718,0.3164062 -0.761718,0.7382812 0,0.4101563 0.328125,0.75 0.75,0.75 0.410156,0 0.738281,-0.3398437 0.738281,-0.7382812 0,-0.4101563 -0.328125,-0.75 -0.726563,-0.75 z m 5.581055,4.078125 c 0.05859,-0.6445313 0.105469,-0.9726563 0.199219,-1.40625 l -0.07031,-0.1289063 c -0.46875,-0.1640625 -0.667968,-0.1992187 -1.03125,-0.1992187 -0.375,0 -0.65625,0.070312 -0.890625,0.1992187 l -0.527343,0.3164063 c -0.878907,0.5273437 -1.207032,1.0195312 -1.207032,1.8867187 0,1.58203128 0.796875,2.44921878 2.214844,2.44921878 0.503906,0 0.867188,-0.08203125 1.335938,-0.328125 l 0.210937,-0.46875 -0.09375,-0.09375 c -0.339844,0.140625 -0.550781,0.1875 -0.84375,0.1875 -0.972656,0 -1.582031,-0.78515628 -1.582031,-2.05078128 0,-0.9023437 0.339844,-1.3945312 0.972656,-1.3945312 0.445313,0 0.84375,0.1992187 0.878906,0.4335937 l 0.07031,0.5976563 z m 3.509766,2.28515623 -0.04687,0.62109375 0.04687,0.08203125 c 0.621093,-0.0234375 0.785156,-0.03515625 0.914062,-0.03515625 0.117188,0 0.269531,0.01171875 0.867188,0.03515625 v -0.375 l -0.292969,-0.0234375 c -0.222656,-0.046875 -0.269531,-0.140625 -0.28125,-0.609375 V -1.1825469 c -0.01172,-0.3164062 -0.02344,-0.5976562 -0.02344,-0.84375 0,-0.2695312 0.01172,-0.5859375 0.02344,-0.9609375 0.01172,-0.1289062 0.01172,-0.2226562 0.01172,-0.2929687 0,-0.8789063 -0.597657,-1.40625 -1.605469,-1.40625 -0.421875,0 -0.832031,0.1054687 -1.195313,0.3398437 l -0.527343,0.3164063 v 0.6796875 l 0.292968,0.070312 0.222657,-0.4921875 c 0.03516,-0.070312 0.316406,-0.140625 0.574218,-0.140625 0.667969,0 0.996094,0.3632812 1.019532,1.171875 l -0.878907,0.1875 c -1.253906,0.2578125 -1.699218,0.6445312 -1.699218,1.4882812 0,0.80859378 0.410156,1.23046878 1.160156,1.23046878 0.222656,0 0.398437,-0.0351563 0.492187,-0.1171875 z m 0,-0.48046873 c -0.1875,0.25781248 -0.550782,0.44531248 -0.855469,0.44531248 -0.316406,0 -0.503906,-0.234375 -0.503906,-0.62109378 0,-0.4921875 0.210937,-0.6914062 0.914062,-0.8789062 l 0.445313,-0.1171875 z m 7.066406,-5.9648438 -0.08203,-0.058594 -0.714844,0.2226562 c -0.292969,0.082031 -0.632813,0.140625 -1.207031,0.2109375 v 0.3515625 l 0.527343,0.035156 c 0.222657,0.011719 0.257813,0.1054687 0.257813,0.6914062 v 1.21875 l -0.199219,-0.082031 c -0.28125,-0.1054688 -0.550781,-0.1640625 -0.796875,-0.1640625 -0.316406,0 -0.609375,0.082031 -0.878906,0.2578125 l -0.714844,0.46875 c -0.5625,0.375 -0.832031,0.9375 -0.832031,1.8046875 0,1.41796873 0.738281,2.32031248 1.898437,2.32031248 0.234375,0 0.386719,-0.0351563 0.492188,-0.1171875 l 1.03125,-0.84375 -0.04687,0.75 0.04687,0.08203125 c 0.597656,-0.0234375 0.785156,-0.03515625 0.902344,-0.03515625 0.07031,0 0.257812,0.01171875 0.539062,0.0234375 0.05859,0 0.257813,0 0.457031,0.01171875 v -0.375 l -0.328125,-0.0234375 c -0.304687,-0.0117188 -0.351562,-0.09375 -0.351562,-0.6328125 z m -1.21875,5.5195313 c 0,0.4453125 -0.46875,0.82031248 -1.019531,0.82031248 -0.703125,0 -1.148438,-0.69140628 -1.148438,-1.76953128 0,-1.0078125 0.351563,-1.5117187 1.054688,-1.5117187 0.421875,0 0.785156,0.1992187 1.113281,0.6328125 z M 86.813,-0.66692157 86.76613,-0.04582782 86.813,0.03620343 c 0.621094,-0.0234375 0.785156,-0.03515625 0.914063,-0.03515625 0.117187,0 0.269531,0.01171875 0.867187,0.03515625 v -0.375 l -0.292969,-0.0234375 c -0.222656,-0.046875 -0.269531,-0.140625 -0.28125,-0.609375 V -1.1825469 c -0.01172,-0.3164062 -0.02344,-0.5976562 -0.02344,-0.84375 0,-0.2695312 0.01172,-0.5859375 0.02344,-0.9609375 0.01172,-0.1289062 0.01172,-0.2226562 0.01172,-0.2929687 0,-0.8789063 -0.597656,-1.40625 -1.605469,-1.40625 -0.421875,0 -0.832031,0.1054687 -1.195312,0.3398437 l -0.527344,0.3164063 v 0.6796875 l 0.292969,0.070312 0.222656,-0.4921875 c 0.03516,-0.070312 0.316406,-0.140625 0.574219,-0.140625 0.667969,0 0.996094,0.3632812 1.019531,1.171875 l -0.878906,0.1875 c -1.253906,0.2578125 -1.699219,0.6445312 -1.699219,1.4882812 0,0.80859378 0.410156,1.23046878 1.160156,1.23046878 0.222657,0 0.398438,-0.0351563 0.492188,-0.1171875 z m 0,-0.48046873 c -0.1875,0.25781248 -0.550781,0.44531248 -0.855469,0.44531248 -0.316406,0 -0.503906,-0.234375 -0.503906,-0.62109378 0,-0.4921875 0.210938,-0.6914062 0.914063,-0.8789062 L 86.813,-2.3192656 Z m 5.613281,-2.0976563 0.08203,-1.21875 c -0.398438,-0.1640625 -0.703125,-0.2226562 -1.230469,-0.2226562 -1.347656,0 -2.074219,0.5390625 -2.074219,1.5351562 0,0.65625 0.363281,1.0664063 1.054688,1.2421875 l 0.855468,0.2109375 c 0.457032,0.1054688 0.632813,0.2695313 0.632813,0.6210938 0,0.46874998 -0.363281,0.77343748 -0.914063,0.77343748 -0.46875,0 -0.796875,-0.15234375 -1.113281,-0.52734375 L 89.660658,-1.5106716 H 89.27394 l -0.07031,1.40625003 c 0.574219,0.19921875 1.019531,0.26953125 1.546875,0.26953125 1.253906,0 2.097656,-0.6796875 2.097656,-1.71093748 0,-0.7148438 -0.363281,-1.078125 -1.265625,-1.2773438 l -0.808593,-0.1875 c -0.398438,-0.082031 -0.550782,-0.2460937 -0.550782,-0.5507812 0,-0.3984375 0.339844,-0.65625 0.878907,-0.65625 0.398437,0 0.832031,0.1992187 0.867187,0.3984375 l 0.09375,0.5742187 z m 0,0"
         style="fill:#000000;fill-opacity:1;fill-rule:nonzero;stroke:none" />
      <path
         id="path51"
         d="m 164.05128,-7.3348906 -0.39844,-0.1757813 c -1.05468,0.3398438 -1.5,0.5625 -2.05078,1.0429688 -1.125,0.9492187 -1.73437,2.2734375 -1.73437,3.7734375 0,1.80468748 0.86719,2.91796873 2.27344,2.91796873 1.41796,0 2.48437,-1.125 2.48437,-2.61328123 0,-1.2539063 -0.76172,-2.0742188 -1.91016,-2.0742188 -0.55078,0 -0.8789,0.140625 -1.52343,0.65625 -0.11719,0.09375 -0.12891,0.1054688 -0.2461,0.1992188 0.23438,-1.9804688 1.14844,-3.046875 3.10547,-3.6328125 z m -1.75781,3.5273437 c 0.83203,0 1.39453,0.7265625 1.39453,1.8046875 0,1.13671878 -0.5625,1.86328128 -1.40625,1.86328128 -0.92578,0 -1.41797,-0.796875 -1.41797,-2.26171878 0,-0.375 0.0352,-0.5859375 0.15235,-0.7734375 0.24609,-0.375 0.76171,-0.6328125 1.27734,-0.6328125 z m 47.09766,-2.7890625 c 1.40625,0.035156 2.01562,0.046875 3.32812,0.046875 l 0.0586,-0.046875 c -0.0234,-0.1992187 -0.0234,-0.28125 -0.0234,-0.4335937 0,-0.1523438 0,-0.234375 0.0234,-0.4335938 l -0.0586,-0.046875 c -0.82031,0.035156 -1.3125,0.046875 -1.89844,0.046875 -0.59765,0 -1.07812,-0.011719 -1.89843,-0.046875 l -0.0469,0.046875 c 0,0.6679688 0.0117,1.1484375 0.0117,1.5 0,0.9257813 -0.0234,1.96875 -0.0586,2.4492188 l 0.21093,0.070312 c 0.51563,-0.515625 0.8086,-0.6679688 1.34766,-0.6679688 1.04297,0 1.69922,0.7382813 1.69922,1.921875 0,1.20703128 -0.69141,1.92187503 -1.88672,1.92187503 -0.58594,0 -1.13672,-0.19921875 -1.28906,-0.48046875 l -0.50391,-0.90234378 -0.25781,0.1523438 c 0.25781,0.63281248 0.38672,0.97265623 0.53906,1.45312498 0.30469,0.1640625 0.73828,0.26953125 1.20703,0.26953125 0.72656,0 1.51172,-0.31640625 2.10938,-0.84375 0.66797,-0.58593753 1.00781,-1.33593753 1.00781,-2.14453123 0,-1.2304688 -0.87891,-2.0976563 -2.12109,-2.0976563 -0.52735,0 -0.91407,0.140625 -1.59375,0.5390625 z m 60.92578,0 c 1.40625,0.035156 2.01562,0.046875 3.32812,0.046875 l 0.0586,-0.046875 c -0.0234,-0.1992187 -0.0234,-0.28125 -0.0234,-0.4335937 0,-0.1523438 0,-0.234375 0.0234,-0.4335938 l -0.0586,-0.046875 c -0.82031,0.035156 -1.3125,0.046875 -1.89844,0.046875 -0.59765,0 -1.07812,-0.011719 -1.89843,-0.046875 l -0.0469,0.046875 c 0,0.6679688 0.0117,1.1484375 0.0117,1.5 0,0.9257813 -0.0234,1.96875 -0.0586,2.4492188 l 0.21093,0.070312 c 0.51563,-0.515625 0.8086,-0.6679688 1.34766,-0.6679688 1.04297,0 1.69922,0.7382813 1.69922,1.921875 0,1.20703128 -0.69141,1.92187503 -1.88672,1.92187503 -0.58594,0 -1.13672,-0.19921875 -1.28906,-0.48046875 l -0.50391,-0.90234378 -0.25781,0.1523438 c 0.25781,0.63281248 0.38672,0.97265623 0.53906,1.45312498 0.30469,0.1640625 0.73828,0.26953125 1.20703,0.26953125 0.72656,0 1.51172,-0.31640625 2.10938,-0.84375 0.66797,-0.58593753 1.00781,-1.33593753 1.00781,-2.14453123 0,-1.2304688 -0.87891,-2.0976563 -2.12109,-2.0976563 -0.52735,0 -0.91407,0.140625 -1.59375,0.5390625 z m 46.35937,4.6171875 v 0.8203125 c 0,0.65625003 -0.12891,0.80859378 -0.65625,0.83203128 l -0.67969,0.0351563 v 0.328125 c 1.45313,-0.03515625 1.45313,-0.03515625 1.71094,-0.03515625 0.26953,0 0.26953,0 1.71094,0.03515625 v -0.328125 l -0.51563,-0.0351563 c -0.53906,-0.0351563 -0.65625,-0.17578125 -0.65625,-0.83203128 v -0.8203125 c 0.64453,0 0.86719,0.011719 1.17188,0.046875 v -0.7734375 c -0.50391,0.046875 -0.71485,0.046875 -0.87891,0.035156 h -0.29297 v -1.5234375 c 0,-1.9335938 0.0234,-2.8710938 0.0703,-3.3164063 l -0.12891,-0.058594 -0.80859,0.2929687 -3.08204,5.0507813 0.11719,0.2460937 z m 0,-0.6914062 h -2.34375 l 2.34375,-3.84375 z m 0,0"
         style="fill:#000000;fill-opacity:1;fill-rule:nonzero;stroke:none" />
    </g>
    <path
       id="path52"
       d="M -274,175.30833 H 167.36932"
       style="fill:none;stroke:#000000;stroke-width:0.530667;stroke-linecap:butt;stroke-linejoin:miter;stroke-miterlimit:10;stroke-dasharray:none;stroke-opacity:1" />
    <g
       id="g52"
       aria-label="Demandadelaempresa4434"
       transform="matrix(1.3333333,0,0,1.3333333,-266.02934,186.73233)">
      <path
         id="path53"
         d="m 0.6801875,-0.20060937 v 0.234375 c 1.3476563,-0.03515625 1.3476563,-0.03515625 1.546875,-0.03515625 0.1757813,0 0.7148438,0.01171875 0.9609375,0.0234375 l 0.5859375,0.01171875 c 1.1835938,0 2.2734375,-0.421875 3.0234375,-1.16015623 0.6796875,-0.6679688 1.03125,-1.5585938 1.03125,-2.625 0,-0.9375 -0.2695312,-1.7226563 -0.7617187,-2.203125 -0.5859375,-0.5859375 -1.3828125,-0.8203125 -2.71875,-0.8320313 -1.5585938,0.023437 -2.3554688,0.035156 -2.390625,0.035156 -0.1289063,0 -0.1289063,0 -1.6054688,-0.035156 v 0.375 l 0.36328125,0.023437 c 0.44531255,0.046875 0.48046875,0.1054688 0.48046875,0.9726563 v 4.46484373 c 0,0.328125 -0.046875,0.4921875 -0.19921875,0.57421875 z m 1.921875,-6.04687503 c 0.234375,-0.035156 0.3984375,-0.035156 0.6210938,-0.035156 1.171875,0 1.96875,0.234375 2.4609375,0.7148437 0.4453125,0.4335938 0.65625,1.1132813 0.65625,2.0976563 0,1.0078125 -0.2578125,1.7695312 -0.7265625,2.2382812 C 5.109875,-0.73967187 4.40675,-0.51701562 3.28175,-0.51701562 c -0.2578125,0 -0.4335937,-0.0117188 -0.6796875,-0.046875 z m 10.2919925,3.3046875 c 0,-1.0664062 -0.75,-1.7460937 -1.886719,-1.7460937 -0.351563,0 -0.609375,0.070312 -0.878906,0.2226562 l -0.4687503,0.28125 c -0.65625,0.3867188 -0.9375,0.984375 -0.9375,1.9335938 0,1.58203123 0.796875,2.41406248 2.2734373,2.41406248 0.574219,0 0.9375,-0.09375 1.582031,-0.421875 l 0.210938,-0.48046875 -0.117188,-0.15234375 c -0.46875,0.2578125 -0.761718,0.3515625 -1.160156,0.3515625 -0.515625,0 -1.007812,-0.28125 -1.253906,-0.70312498 -0.164063,-0.28125 -0.222656,-0.515625 -0.246094,-0.984375 h 1.3125 c 0.5625,0 1.007813,-0.058594 1.570313,-0.1992188 z m -2.097657,0.2226563 h -0.04687 c -0.05859,0 -0.328125,-0.011719 -0.480468,-0.023437 l -0.3164066,-0.011719 c 0.035156,-0.984375 0.2695316,-1.3828125 0.8437496,-1.3828125 0.574219,0 0.808594,0.3984375 0.832032,1.3828125 z m 2.71875,-1.1835938 0.457032,0.023437 c 0.222656,0.023437 0.257812,0.1171875 0.257812,0.703125 v 2.17968753 c 0,0.5390625 -0.04687,0.62109375 -0.363281,0.6328125 l -0.351563,0.0234375 v 0.375 l 1.289063,-0.03515625 c 0.234375,0 0.65625,0.01171875 1.265625,0.03515625 v -0.375 l -0.269531,-0.0234375 c -0.316407,-0.0117188 -0.363282,-0.09375 -0.363282,-0.6328125 V -3.1537344 c 0,-0.3398437 0.410157,-0.6796875 0.808594,-0.6796875 0.585938,0 0.855469,0.375 0.855469,1.1484375 v 1.68750003 c 0,0.5390625 -0.03516,0.62109375 -0.351563,0.6328125 l -0.316406,0.0234375 v 0.375 c 1.042969,-0.03515625 1.042969,-0.03515625 1.289063,-0.03515625 0.246093,0 0.246093,0 1.300781,0.03515625 v -0.375 l -0.339844,-0.0234375 c -0.316406,-0.0117188 -0.363281,-0.09375 -0.363281,-0.6328125 V -3.1537344 c 0,-0.3398437 0.410156,-0.6796875 0.808594,-0.6796875 0.574218,0 0.855468,0.375 0.855468,1.1484375 v 2.71875003 l 0.925782,-0.03515625 c 0.503906,0.01171875 0.574218,0.01171875 0.972656,0.03515625 v -0.375 l -0.328125,-0.0234375 c -0.304688,-0.0117188 -0.351563,-0.09375 -0.351563,-0.6328125 V -2.8490469 c 0,-1.3710937 -0.363281,-1.8398437 -1.429687,-1.8398437 -0.328125,0 -0.550781,0.058594 -0.714844,0.1875 l -0.796875,0.609375 c -0.234375,-0.5625 -0.632812,-0.796875 -1.3125,-0.796875 -0.316406,0 -0.539062,0.058594 -0.714844,0.1875 l -0.796875,0.609375 v -0.7382813 l -0.05859,-0.058594 c -1.03125,0.3398437 -1.3125,0.3984375 -1.863282,0.421875 z m 11.598633,3.23437503 -0.04687,0.62109375 0.04687,0.08203125 c 0.621094,-0.0234375 0.785157,-0.03515625 0.914063,-0.03515625 0.117187,0 0.269531,0.01171875 0.867187,0.03515625 v -0.375 l -0.292968,-0.0234375 c -0.222657,-0.046875 -0.269532,-0.140625 -0.28125,-0.609375 V -1.1849844 c -0.01172,-0.3164062 -0.02344,-0.5976562 -0.02344,-0.84375 0,-0.2695312 0.01172,-0.5859375 0.02344,-0.9609375 0.01172,-0.1289062 0.01172,-0.2226562 0.01172,-0.2929687 0,-0.8789063 -0.597656,-1.40625 -1.605468,-1.40625 -0.421875,0 -0.832032,0.1054687 -1.195313,0.3398437 l -0.527344,0.3164063 v 0.6796875 l 0.292969,0.070312 0.222656,-0.4921875 c 0.03516,-0.070312 0.316407,-0.140625 0.574219,-0.140625 0.667969,0 0.996094,0.3632812 1.019531,1.171875 l -0.878906,0.1875 c -1.253906,0.2578125 -1.699219,0.6445312 -1.699219,1.4882812 0,0.80859378 0.410157,1.23046878 1.160157,1.23046878 0.222656,0 0.398437,-0.0351563 0.492187,-0.1171875 z m 0,-0.48046873 c -0.1875,0.25781248 -0.550781,0.44531248 -0.855468,0.44531248 -0.316407,0 -0.503907,-0.234375 -0.503907,-0.62109378 0,-0.4921875 0.210938,-0.6914062 0.914063,-0.8789062 l 0.445312,-0.1171875 z m 2.238282,-2.7539063 0.457031,0.023437 c 0.222656,0.023437 0.257812,0.1171875 0.257812,0.703125 v 2.17968753 c 0,0.5390625 -0.04687,0.62109375 -0.363281,0.6328125 l -0.351562,0.0234375 v 0.375 l 1.289062,-0.03515625 c 0.199219,0 0.679688,0.01171875 1.347656,0.03515625 v -0.375 l -0.351562,-0.0234375 c -0.304688,-0.0117188 -0.363281,-0.09375 -0.363281,-0.6328125 V -3.1537344 c 0,-0.3515625 0.410156,-0.6796875 0.855468,-0.6796875 0.65625,0 0.9375,0.3398438 0.9375,1.1367188 v 2.73046873 c 0.5625,-0.0234375 0.738282,-0.03515625 0.890625,-0.03515625 0.140625,0 0.140625,0 1.007813,0.03515625 v -0.375 l -0.328125,-0.0234375 c -0.304688,-0.0117188 -0.363281,-0.09375 -0.363281,-0.6328125 V -2.8490469 c 0,-0.7734375 -0.08203,-1.1484375 -0.339844,-1.4296875 -0.269531,-0.2695312 -0.667969,-0.4101562 -1.160156,-0.4101562 -0.304688,0 -0.539063,0.058594 -0.703125,0.1875 l -0.796875,0.609375 v -0.7382813 l -0.05859,-0.058594 c -1.03125,0.3398437 -1.3125,0.3984375 -1.863281,0.421875 z m 10.916015,-3.2109375 -0.08203,-0.058594 -0.714844,0.2226562 c -0.292969,0.082031 -0.632812,0.140625 -1.207031,0.2109375 v 0.3515625 l 0.527344,0.035156 c 0.222656,0.011719 0.257812,0.1054687 0.257812,0.6914062 v 1.21875 l -0.199219,-0.082031 c -0.28125,-0.1054688 -0.550781,-0.1640625 -0.796875,-0.1640625 -0.316406,0 -0.609375,0.082031 -0.878906,0.2578125 l -0.714844,0.46875 c -0.5625,0.375 -0.832031,0.9375 -0.832031,1.8046875 0,1.41796873 0.738281,2.32031248 1.898438,2.32031248 0.234375,0 0.386718,-0.0351563 0.492187,-0.1171875 l 1.03125,-0.84375 -0.04687,0.75 0.04687,0.08203125 c 0.597656,-0.0234375 0.785156,-0.03515625 0.902344,-0.03515625 0.07031,0 0.257812,0.01171875 0.539062,0.0234375 0.05859,0 0.257813,0 0.457032,0.01171875 v -0.375 l -0.328125,-0.0234375 c -0.304688,-0.0117188 -0.351563,-0.09375 -0.351563,-0.6328125 z m -1.21875,5.5195313 c 0,0.4453125 -0.46875,0.82031248 -1.019531,0.82031248 -0.703125,0 -1.148438,-0.69140628 -1.148438,-1.76953128 0,-1.0078125 0.351563,-1.5117187 1.054688,-1.5117187 0.421875,0 0.785156,0.1992187 1.113281,0.6328125 z m 5.220703,0.92578123 -0.04687,0.62109375 0.04687,0.08203125 c 0.621094,-0.0234375 0.785157,-0.03515625 0.914063,-0.03515625 0.117187,0 0.269531,0.01171875 0.867187,0.03515625 v -0.375 l -0.292968,-0.0234375 c -0.222657,-0.046875 -0.269532,-0.140625 -0.28125,-0.609375 V -1.1849844 c -0.01172,-0.3164062 -0.02344,-0.5976562 -0.02344,-0.84375 0,-0.2695312 0.01172,-0.5859375 0.02344,-0.9609375 0.01172,-0.1289062 0.01172,-0.2226562 0.01172,-0.2929687 0,-0.8789063 -0.597656,-1.40625 -1.605468,-1.40625 -0.421875,0 -0.832032,0.1054687 -1.195313,0.3398437 l -0.527344,0.3164063 v 0.6796875 l 0.292969,0.070312 0.222656,-0.4921875 c 0.03516,-0.070312 0.316407,-0.140625 0.574219,-0.140625 0.667969,0 0.996094,0.3632812 1.019531,1.171875 l -0.878906,0.1875 c -1.253906,0.2578125 -1.699219,0.6445312 -1.699219,1.4882812 0,0.80859378 0.410157,1.23046878 1.160157,1.23046878 0.222656,0 0.398437,-0.0351563 0.492187,-0.1171875 z m 0,-0.48046873 c -0.1875,0.25781248 -0.550781,0.44531248 -0.855468,0.44531248 -0.316407,0 -0.503907,-0.234375 -0.503907,-0.62109378 0,-0.4921875 0.210938,-0.6914062 0.914063,-0.8789062 l 0.445312,-0.1171875 z m 9.556641,-5.9648438 -0.08203,-0.058594 -0.714844,0.2226562 c -0.292969,0.082031 -0.632813,0.140625 -1.207031,0.2109375 v 0.3515625 l 0.527343,0.035156 c 0.222657,0.011719 0.257813,0.1054687 0.257813,0.6914062 v 1.21875 l -0.199219,-0.082031 c -0.28125,-0.1054688 -0.550781,-0.1640625 -0.796875,-0.1640625 -0.316406,0 -0.609375,0.082031 -0.878906,0.2578125 l -0.714844,0.46875 c -0.5625,0.375 -0.832031,0.9375 -0.832031,1.8046875 0,1.41796873 0.738281,2.32031248 1.898437,2.32031248 0.234375,0 0.386719,-0.0351563 0.492188,-0.1171875 l 1.03125,-0.84375 -0.04687,0.75 0.04687,0.08203125 c 0.597656,-0.0234375 0.785156,-0.03515625 0.902344,-0.03515625 0.07031,0 0.257812,0.01171875 0.539062,0.0234375 0.05859,0 0.257813,0 0.457031,0.01171875 v -0.375 l -0.328125,-0.0234375 c -0.304687,-0.0117188 -0.351562,-0.09375 -0.351562,-0.6328125 z m -1.21875,5.5195313 c 0,0.4453125 -0.46875,0.82031248 -1.019531,0.82031248 -0.703125,0 -1.148438,-0.69140628 -1.148438,-1.76953128 0,-1.0078125 0.351563,-1.5117187 1.054688,-1.5117187 0.421875,0 0.785156,0.1992187 1.113281,0.6328125 z m 6.837891,-1.3476563 c 0,-1.0664062 -0.75,-1.7460937 -1.886719,-1.7460937 -0.351563,0 -0.609375,0.070312 -0.878906,0.2226562 l -0.46875,0.28125 c -0.65625,0.3867188 -0.9375,0.984375 -0.9375,1.9335938 0,1.58203123 0.796875,2.41406248 2.273437,2.41406248 0.574219,0 0.9375,-0.09375 1.582031,-0.421875 l 0.210938,-0.48046875 -0.117188,-0.15234375 c -0.46875,0.2578125 -0.761718,0.3515625 -1.160156,0.3515625 -0.515625,0 -1.007812,-0.28125 -1.253906,-0.70312498 -0.164063,-0.28125 -0.222656,-0.515625 -0.246094,-0.984375 h 1.3125 c 0.5625,0 1.007813,-0.058594 1.570313,-0.1992188 z m -2.097657,0.2226563 h -0.04687 c -0.05859,0 -0.328125,-0.011719 -0.480468,-0.023437 l -0.316407,-0.011719 c 0.03516,-0.984375 0.269532,-1.3828125 0.84375,-1.3828125 0.574219,0 0.808594,0.3984375 0.832032,1.3828125 z m 7.13086,-4.453125 -0.714844,0.2226562 c -0.28125,0.082031 -0.621094,0.140625 -1.207031,0.2109375 v 0.3515625 l 0.527343,0.035156 c 0.222657,0.011719 0.269532,0.1054687 0.269532,0.6914062 v 4.66406253 c 0,0.5390625 -0.05859,0.62109375 -0.363282,0.6328125 l -0.351562,0.0234375 v 0.375 l 1.289062,-0.03515625 c 0.199219,0 0.679688,0.01171875 1.347657,0.03515625 v -0.375 l -0.351563,-0.0234375 c -0.304687,-0.0117188 -0.363281,-0.09375 -0.363281,-0.6328125 V -7.1146719 Z m 4.139648,6.50390623 -0.04687,0.62109375 0.04687,0.08203125 c 0.621094,-0.0234375 0.785156,-0.03515625 0.914063,-0.03515625 0.117187,0 0.269531,0.01171875 0.867187,0.03515625 v -0.375 l -0.292969,-0.0234375 c -0.222656,-0.046875 -0.269531,-0.140625 -0.28125,-0.609375 V -1.1849844 c -0.01172,-0.3164062 -0.02344,-0.5976562 -0.02344,-0.84375 0,-0.2695312 0.01172,-0.5859375 0.02344,-0.9609375 0.01172,-0.1289062 0.01172,-0.2226562 0.01172,-0.2929687 0,-0.8789063 -0.597656,-1.40625 -1.605469,-1.40625 -0.421875,0 -0.832031,0.1054687 -1.195312,0.3398437 l -0.527344,0.3164063 v 0.6796875 l 0.292969,0.070312 0.222656,-0.4921875 c 0.03516,-0.070312 0.316406,-0.140625 0.574219,-0.140625 0.667969,0 0.996094,0.3632812 1.019531,1.171875 l -0.878906,0.1875 c -1.253906,0.2578125 -1.699219,0.6445312 -1.699219,1.4882812 0,0.80859378 0.410156,1.23046878 1.160156,1.23046878 0.222657,0 0.398438,-0.0351563 0.492188,-0.1171875 z m 0,-0.48046873 c -0.1875,0.25781248 -0.550781,0.44531248 -0.855469,0.44531248 -0.316406,0 -0.503906,-0.234375 -0.503906,-0.62109378 0,-0.4921875 0.210938,-0.6914062 0.914063,-0.8789062 l 0.445312,-0.1171875 z m 9.087891,-1.7929688 c 0,-1.0664062 -0.75,-1.7460937 -1.886719,-1.7460937 -0.351563,0 -0.609375,0.070312 -0.878906,0.2226562 l -0.46875,0.28125 c -0.65625,0.3867188 -0.9375,0.984375 -0.9375,1.9335938 0,1.58203123 0.796875,2.41406248 2.273437,2.41406248 0.574219,0 0.9375,-0.09375 1.582031,-0.421875 l 0.210938,-0.48046875 -0.117188,-0.15234375 c -0.46875,0.2578125 -0.761718,0.3515625 -1.160156,0.3515625 -0.515625,0 -1.007812,-0.28125 -1.253906,-0.70312498 -0.164063,-0.28125 -0.222656,-0.515625 -0.246094,-0.984375 h 1.3125 c 0.5625,0 1.007813,-0.058594 1.570313,-0.1992188 z m -2.097657,0.2226563 h -0.04687 c -0.05859,0 -0.328125,-0.011719 -0.480468,-0.023437 l -0.316407,-0.011719 c 0.03516,-0.984375 0.269532,-1.3828125 0.84375,-1.3828125 0.574219,0 0.808594,0.3984375 0.832032,1.3828125 z m 2.71875,-1.1835938 0.457032,0.023437 c 0.222656,0.023437 0.257812,0.1171875 0.257812,0.703125 v 2.17968753 c 0,0.5390625 -0.04687,0.62109375 -0.363281,0.6328125 l -0.351563,0.0234375 v 0.375 l 1.289063,-0.03515625 c 0.234375,0 0.65625,0.01171875 1.265625,0.03515625 v -0.375 l -0.269531,-0.0234375 c -0.316407,-0.0117188 -0.363282,-0.09375 -0.363282,-0.6328125 V -3.1537344 c 0,-0.3398437 0.410157,-0.6796875 0.808594,-0.6796875 0.585938,0 0.855469,0.375 0.855469,1.1484375 v 1.68750003 c 0,0.5390625 -0.03516,0.62109375 -0.351563,0.6328125 l -0.316406,0.0234375 v 0.375 c 1.042969,-0.03515625 1.042969,-0.03515625 1.289063,-0.03515625 0.246093,0 0.246093,0 1.300781,0.03515625 v -0.375 l -0.339844,-0.0234375 c -0.316406,-0.0117188 -0.363281,-0.09375 -0.363281,-0.6328125 V -3.1537344 c 0,-0.3398437 0.410156,-0.6796875 0.808594,-0.6796875 0.574218,0 0.855468,0.375 0.855468,1.1484375 v 2.71875003 l 0.925782,-0.03515625 c 0.503906,0.01171875 0.574218,0.01171875 0.972656,0.03515625 v -0.375 l -0.328125,-0.0234375 c -0.304688,-0.0117188 -0.351563,-0.09375 -0.351563,-0.6328125 V -2.8490469 c 0,-1.3710937 -0.363281,-1.8398437 -1.429687,-1.8398437 -0.328125,0 -0.550781,0.058594 -0.714844,0.1875 l -0.796875,0.609375 c -0.234375,-0.5625 -0.632812,-0.796875 -1.3125,-0.796875 -0.316406,0 -0.539062,0.058594 -0.714844,0.1875 l -0.796875,0.609375 v -0.7382813 l -0.05859,-0.058594 c -1.03125,0.3398437 -1.3125,0.3984375 -1.863282,0.421875 z m 10.731446,-0.7851562 -0.691406,0.2109375 c -0.339844,0.1054687 -0.515625,0.1289062 -1.019532,0.1992187 l -0.105468,0.011719 v 0.3632812 l 0.445312,0.023437 c 0.222656,0.023437 0.257813,0.1171875 0.257813,0.703125 v 4.7226563 c 0,0.5390625 -0.04687,0.609375 -0.363282,0.6328125 l -0.339843,0.023437 v 0.3632812 l 1.277343,-0.023437 c 0.128907,0 0.152344,0 1.453125,0.023437 V 2.2017344 l -0.457031,-0.023437 c -0.304687,-0.011719 -0.351562,-0.09375 -0.351562,-0.6328125 v -1.54687502 c 0.480468,0.140625 0.644531,0.1640625 0.878906,0.1640625 0.339844,0 0.691406,-0.17578125 1.371094,-0.71484375 0.05859,-0.0351563 0.117187,-0.0820313 0.164062,-0.12890625 0.65625,-0.49218748 1.019531,-1.27734378 1.019531,-2.16796878 0,-1.0546875 -0.761718,-1.8398437 -1.804687,-1.8398437 -0.386719,0 -0.679688,0.1054687 -1.019531,0.3867187 l -0.609375,0.4804688 v -0.8085938 z m 0.105469,1.3945312 c 0.210937,-0.328125 0.539062,-0.5039062 0.949218,-0.5039062 0.773438,0 1.230469,0.5976562 1.230469,1.59375 0,1.0429687 -0.445312,1.69921873 -1.171875,1.69921873 -0.421875,0 -0.738281,-0.17578125 -1.007812,-0.55078123 z m 5.99414,-1.3945312 -0.691406,0.2109375 c -0.328125,0.1054687 -0.503906,0.1289062 -1.125,0.2109375 v 0.3632812 l 0.445312,0.023437 c 0.222657,0.023437 0.257813,0.1171875 0.257813,0.703125 v 2.17968753 c 0,0.5390625 -0.04687,0.62109375 -0.363281,0.6328125 l -0.339844,0.0234375 v 0.375 l 1.277344,-0.03515625 c 0.128906,0 0.164062,0 1.511718,0.03515625 v -0.375 l -0.398437,-0.0234375 c -0.421875,-0.0117188 -0.46875,-0.0703125 -0.46875,-0.6328125 V -2.9662344 c 0,-0.3164062 0.398437,-0.6445312 0.796875,-0.6445312 0.246094,0 0.421875,0.1171875 0.5625,0.3632812 l 0.234375,-0.1054687 0.05859,-1.2773438 c -0.105469,-0.046875 -0.234375,-0.058594 -0.375,-0.058594 -0.28125,0 -0.46875,0.1171875 -0.84375,0.5273437 l -0.433594,0.46875 v -0.9375 z m 6.348633,1.7460937 c 0,-1.0664062 -0.75,-1.7460937 -1.886719,-1.7460937 -0.351562,0 -0.609375,0.070312 -0.878906,0.2226562 l -0.46875,0.28125 c -0.65625,0.3867188 -0.9375,0.984375 -0.9375,1.9335938 0,1.58203123 0.796875,2.41406248 2.273437,2.41406248 0.574219,0 0.9375,-0.09375 1.582032,-0.421875 l 0.210937,-0.48046875 -0.117187,-0.15234375 c -0.46875,0.2578125 -0.761719,0.3515625 -1.160157,0.3515625 -0.515625,0 -1.007812,-0.28125 -1.253906,-0.70312498 -0.164062,-0.28125 -0.222656,-0.515625 -0.246094,-0.984375 h 1.3125 c 0.5625,0 1.007813,-0.058594 1.570313,-0.1992188 z m -2.097656,0.2226563 h -0.04687 c -0.05859,0 -0.328125,-0.011719 -0.480469,-0.023437 l -0.316406,-0.011719 c 0.03516,-0.984375 0.269531,-1.3828125 0.84375,-1.3828125 0.574218,0 0.808593,0.3984375 0.832031,1.3828125 z m 6.09375,-0.5273438 0.082,-1.21875 c -0.39844,-0.1640625 -0.70312,-0.2226562 -1.23047,-0.2226562 -1.34765,0 -2.07422,0.5390625 -2.07422,1.5351562 0,0.65625 0.36328,1.0664063 1.05469,1.2421875 l 0.85547,0.2109375 c 0.45703,0.1054688 0.63281,0.2695313 0.63281,0.6210938 0,0.46874998 -0.36328,0.77343748 -0.91406,0.77343748 -0.46875,0 -0.79688,-0.15234375 -1.11328,-0.52734375 l -0.0586,-0.67968753 h -0.38671 l -0.0703,1.40625003 c 0.57422,0.19921875 1.01953,0.26953125 1.54688,0.26953125 1.2539,0 2.09765,-0.6796875 2.09765,-1.71093748 0,-0.7148438 -0.36328,-1.078125 -1.26562,-1.2773438 l -0.80859,-0.1875 c -0.39844,-0.082031 -0.55079,-0.2460937 -0.55079,-0.5507812 0,-0.3984375 0.33985,-0.65625 0.87891,-0.65625 0.39844,0 0.83203,0.1992187 0.86719,0.3984375 l 0.0937,0.5742187 z m 3.79102,2.57812503 -0.0469,0.62109375 0.0469,0.08203125 c 0.62109,-0.0234375 0.78515,-0.03515625 0.91406,-0.03515625 0.11719,0 0.26953,0.01171875 0.86719,0.03515625 v -0.375 l -0.29297,-0.0234375 c -0.22266,-0.046875 -0.26953,-0.140625 -0.28125,-0.609375 V -1.1849844 c -0.0117,-0.3164062 -0.0234,-0.5976562 -0.0234,-0.84375 0,-0.2695312 0.0117,-0.5859375 0.0234,-0.9609375 0.0117,-0.1289062 0.0117,-0.2226562 0.0117,-0.2929687 0,-0.8789063 -0.59766,-1.40625 -1.60547,-1.40625 -0.42188,0 -0.83203,0.1054687 -1.19532,0.3398437 l -0.52734,0.3164063 v 0.6796875 l 0.29297,0.070312 0.22266,-0.4921875 c 0.0352,-0.070312 0.3164,-0.140625 0.57421,-0.140625 0.66797,0 0.9961,0.3632812 1.01954,1.171875 l -0.87891,0.1875 c -1.25391,0.2578125 -1.69922,0.6445312 -1.69922,1.4882812 0,0.80859378 0.41016,1.23046878 1.16016,1.23046878 0.22265,0 0.39843,-0.0351563 0.49218,-0.1171875 z m 0,-0.48046873 c -0.1875,0.25781248 -0.55079,0.44531248 -0.85547,0.44531248 -0.31641,0 -0.50391,-0.234375 -0.50391,-0.62109378 0,-0.4921875 0.21094,-0.6914062 0.91406,-0.8789062 l 0.44532,-0.1171875 z m 0,0"
         style="fill:#000000;fill-opacity:1;fill-rule:nonzero;stroke:none" />
      <path
         id="path54"
         d="m 162.57472,-1.9818594 v 0.8203125 c 0,0.65625003 -0.12891,0.80859378 -0.65625,0.83203128 l -0.67969,0.0351563 v 0.328125 c 1.45313,-0.03515625 1.45313,-0.03515625 1.71094,-0.03515625 0.26953,0 0.26953,0 1.71094,0.03515625 v -0.328125 l -0.51563,-0.0351563 c -0.53906,-0.0351563 -0.65625,-0.17578125 -0.65625,-0.83203128 v -0.8203125 c 0.64453,0 0.86719,0.011719 1.17188,0.046875 v -0.7734375 c -0.50391,0.046875 -0.71485,0.046875 -0.87891,0.035156 h -0.29297 v -1.5234375 c 0,-1.9335938 0.0234,-2.8710938 0.0703,-3.3164063 l -0.1289,-0.058594 -0.8086,0.2929687 -3.08203,5.0507813 0.11719,0.2460937 z m 0,-0.6914062 h -2.34375 l 2.34375,-3.84375 z m 48.49219,0.6914062 v 0.8203125 c 0,0.65625003 -0.12891,0.80859378 -0.65625,0.83203128 l -0.67969,0.0351563 v 0.328125 c 1.45312,-0.03515625 1.45312,-0.03515625 1.71094,-0.03515625 0.26953,0 0.26953,0 1.71093,0.03515625 v -0.328125 l -0.51562,-0.0351563 c -0.53906,-0.0351563 -0.65625,-0.17578125 -0.65625,-0.83203128 v -0.8203125 c 0.64453,0 0.86719,0.011719 1.17187,0.046875 v -0.7734375 c -0.5039,0.046875 -0.71484,0.046875 -0.8789,0.035156 h -0.29297 v -1.5234375 c 0,-1.9335938 0.0234,-2.8710938 0.0703,-3.3164063 l -0.1289,-0.058594 -0.8086,0.2929687 -3.08203,5.0507813 0.11719,0.2460937 z m 0,-0.6914062 h -2.34375 l 2.34375,-3.84375 z m 58.33593,-2.765625 h 0.33985 l 0.19922,-0.609375 c 0.11718,-0.3632813 0.80859,-0.7382813 1.37109,-0.7382813 0.70312,0 1.28906,0.5742188 1.28906,1.265625 0,0.8203125 -0.64453,1.5 -1.41797,1.5 -0.0937,0 -0.21093,-0.011719 -0.35156,-0.011719 l -0.16406,-0.011719 -0.12891,0.5742188 0.0703,0.070312 c 0.42188,-0.1875 0.6211,-0.2460938 0.92579,-0.2460938 0.90234,0 1.42968,0.5742188 1.42968,1.5703125 0,1.11328128 -0.66797,1.83984378 -1.6875,1.83984378 -0.5039,0 -0.94922,-0.1640625 -1.27734,-0.46875 -0.25781,-0.234375 -0.39844,-0.48046878 -0.60938,-1.07812498 l -0.29296,0.1171875 c 0.23437,0.65625 0.3164,1.05468748 0.38671,1.59374998 0.57422,0.19921875 1.05469,0.29296875 1.45313,0.29296875 0.87891,0 1.875,-0.4921875 2.48437,-1.23046873 0.36329,-0.4453125 0.55079,-0.9257813 0.55079,-1.4414063 0,-0.515625 -0.21094,-0.9726562 -0.60938,-1.2539062 -0.26953,-0.1875 -0.52734,-0.28125 -1.06641,-0.375 0.86719,-0.6796875 1.19532,-1.1835938 1.19532,-1.828125 0,-0.9726563 -0.8086,-1.6054688 -2.01563,-1.6054688 -0.73828,0 -1.23047,0.1992188 -1.75781,0.7265625 z m 47.27344,3.4570312 v 0.8203125 c 0,0.65625003 -0.12891,0.80859378 -0.65625,0.83203128 l -0.67969,0.0351563 v 0.328125 c 1.45313,-0.03515625 1.45313,-0.03515625 1.71094,-0.03515625 0.26953,0 0.26953,0 1.71094,0.03515625 v -0.328125 l -0.51563,-0.0351563 c -0.53906,-0.0351563 -0.65625,-0.17578125 -0.65625,-0.83203128 v -0.8203125 c 0.64453,0 0.86719,0.011719 1.17188,0.046875 v -0.7734375 c -0.50391,0.046875 -0.71485,0.046875 -0.87891,0.035156 h -0.29297 v -1.5234375 c 0,-1.9335938 0.0234,-2.8710938 0.0703,-3.3164063 l -0.12891,-0.058594 -0.80859,0.2929687 -3.08204,5.0507813 0.11719,0.2460937 z m 0,-0.6914062 h -2.34375 l 2.34375,-3.84375 z m 0,0"
         style="fill:#000000;fill-opacity:1;fill-rule:nonzero;stroke:none" />
    </g>
    <path
       id="path55"
       d="M -274,191.78033 H 167.36932"
       style="fill:none;stroke:#000000;stroke-width:0.530667;stroke-linecap:butt;stroke-linejoin:miter;stroke-miterlimit:10;stroke-dasharray:none;stroke-opacity:1" />
    <g
       id="g55"
       aria-label="Ventasdelaempresa4434"
       transform="matrix(1.3333333,0,0,1.3333333,-266.02934,203.20433)">
      <path
         id="path56"
         d="m 3.3872188,-6.4110547 v -0.375 c -0.421875,0.011719 -0.8085938,0.011719 -0.9140625,0.023437 -0.3398438,0.011719 -0.5742188,0.011719 -0.703125,0.011719 -0.140625,0 -0.140625,0 -1.57031255,-0.035156 v 0.375 l 0.41015625,0.023437 c 0.24609375,0.035156 0.3984375,0.2109375 0.6210938,0.7148438 L 3.609875,0.03425781 h 0.75 c 0.1054688,-0.26953125 0.140625,-0.375 0.1875,-0.4921875 0.058594,-0.15234375 0.09375,-0.2578125 0.1171875,-0.29296875 0.011719,-0.0351563 0.035156,-0.1171875 0.082031,-0.2109375 l 2.0625,-4.95703126 C 6.938,-6.2352734 7.078625,-6.3641797 7.2778438,-6.3876172 l 0.328125,-0.023437 v -0.375 c -1.0664063,0.035156 -1.0664063,0.035156 -1.1601563,0.035156 -0.1054687,0 -0.28125,0 -0.5625,-0.011719 C 5.813,-6.7743359 5.5551875,-6.7743359 5.297375,-6.7860547 v 0.375 l 0.4570313,0.023437 c 0.234375,0.023437 0.375,0.1054688 0.375,0.2578125 0,0.1523438 -0.1054688,0.4570313 -0.3164063,0.984375 L 4.40675,-1.6298047 2.8364375,-5.4852734 C 2.6372188,-5.9891797 2.6255,-6.0126172 2.6255,-6.2001172 c 0,-0.082031 0.1289063,-0.1757812 0.2695313,-0.1875 z m 7.8515622,3.46875 c 0,-1.0664062 -0.75,-1.7460937 -1.8867185,-1.7460937 -0.3515625,0 -0.609375,0.070312 -0.8789062,0.2226562 l -0.46875,0.28125 c -0.65625,0.3867188 -0.9375,0.984375 -0.9375,1.9335938 0,1.58203121 0.796875,2.41406246 2.2734375,2.41406246 0.5742187,0 0.9375002,-0.09375 1.5820312,-0.421875 l 0.210938,-0.48046875 -0.117188,-0.15234375 c -0.46875,0.2578125 -0.761719,0.3515625 -1.1601562,0.3515625 -0.515625,0 -1.0078125,-0.28125 -1.2539063,-0.70312496 C 8.438,-1.5243359 8.3794063,-1.7587109 8.3559688,-2.2274609 h 1.3125 c 0.5625002,0 1.0078122,-0.058594 1.5703122,-0.1992188 z M 9.141125,-2.7196484 H 9.09425 c -0.058594,0 -0.328125,-0.011719 -0.4804687,-0.023437 L 8.297375,-2.7548047 c 0.035156,-0.984375 0.2695313,-1.3828125 0.84375,-1.3828125 0.5742188,0 0.8085938,0.3984375 0.8320313,1.3828125 z m 2.71875,-1.1835938 0.457031,0.023437 c 0.222657,0.023437 0.257813,0.1171875 0.257813,0.703125 v 2.17968751 c 0,0.5390625 -0.04687,0.62109375 -0.363281,0.6328125 l -0.351563,0.0234375 v 0.375 l 1.289063,-0.0351562475 c 0.199218,0 0.679687,0.0117187475 1.347656,0.0351562475 v -0.375 l -0.351563,-0.0234375 c -0.304687,-0.0117188 -0.363281,-0.09375 -0.363281,-0.6328125 V -3.1532422 c 0,-0.3515625 0.410156,-0.6796875 0.855469,-0.6796875 0.65625,0 0.9375,0.3398438 0.9375,1.1367188 v 2.73046871 c 0.5625,-0.0234375 0.738281,-0.0351562475 0.890625,-0.0351562475 0.140625,0 0.140625,0 1.007812,0.0351562475 v -0.375 l -0.328125,-0.0234375 c -0.304687,-0.0117188 -0.363281,-0.09375 -0.363281,-0.6328125 V -2.8485547 c 0,-0.7734375 -0.08203,-1.1484375 -0.339844,-1.4296875 -0.269531,-0.2695312 -0.667968,-0.4101562 -1.160156,-0.4101562 -0.304687,0 -0.539062,0.058594 -0.703125,0.1875 l -0.796875,0.609375 v -0.7382813 l -0.05859,-0.058594 c -1.03125,0.3398437 -1.3125,0.3984375 -1.863281,0.421875 z m 9.076172,3.30468751 -0.07031,-0.1875 c -0.199218,0.09375 -0.304687,0.12890625 -0.457031,0.12890625 -0.46875,0 -0.621094,-0.1640625 -0.621094,-0.64453126 V -3.6805859 H 20.8423 l 0.08203,-0.6445313 -1.136719,0.058594 V -4.840742 c 0,-0.5273437 0.02344,-0.8554687 0.117188,-1.359375 l -0.140625,-0.09375 c -0.398438,0.1875 -0.703125,0.3046875 -1.21875,0.4921875 0.03516,0.515625 0.04687,0.7148438 0.04687,0.9140625 v 0.5976563 l -0.65625,0.4335937 v 0.2226563 l 0.632812,-0.046875 v 2.578125 c 0,0.89062496 0.375,1.26562496 1.242188,1.26562496 0.304687,0 0.550781,-0.0585938 0.644531,-0.17578125 z m 3.070312,-0.0703125 -0.04687,0.62109375 0.04687,0.08203125 c 0.621094,-0.0234375 0.785157,-0.0351562475 0.914063,-0.0351562475 0.117187,0 0.269531,0.0117187475 0.867187,0.0351562475 v -0.375 l -0.292968,-0.0234375 c -0.222657,-0.046875 -0.269532,-0.140625 -0.28125,-0.609375 V -1.1844922 c -0.01172,-0.3164062 -0.02344,-0.5976562 -0.02344,-0.84375 0,-0.2695312 0.01172,-0.5859375 0.02344,-0.9609375 0.01172,-0.1289062 0.01172,-0.2226562 0.01172,-0.2929687 0,-0.8789063 -0.597656,-1.40625 -1.605468,-1.40625 -0.421875,0 -0.832032,0.1054687 -1.195313,0.3398437 l -0.527344,0.3164063 v 0.6796875 l 0.292969,0.070312 0.222656,-0.4921875 c 0.03516,-0.070312 0.316407,-0.140625 0.574219,-0.140625 0.667969,0 0.996094,0.3632812 1.019531,1.171875 l -0.878906,0.1875 c -1.253906,0.2578125 -1.699219,0.6445312 -1.699219,1.4882812 0,0.80859376 0.410157,1.23046876 1.160157,1.23046876 0.222656,0 0.398437,-0.0351563 0.492187,-0.1171875 z m 0,-0.48046871 c -0.1875,0.25781246 -0.550781,0.44531246 -0.855468,0.44531246 -0.316407,0 -0.503907,-0.234375 -0.503907,-0.62109376 0,-0.4921875 0.210938,-0.6914062 0.914063,-0.8789062 l 0.445312,-0.1171875 z m 5.616211,-2.0976563 0.08203,-1.21875 c -0.398438,-0.1640625 -0.703125,-0.2226562 -1.230469,-0.2226562 -1.347656,0 -2.074219,0.5390625 -2.074219,1.5351562 0,0.65625 0.363281,1.0664063 1.054688,1.2421875 l 0.855468,0.2109375 c 0.457032,0.1054688 0.632813,0.2695313 0.632813,0.6210938 0,0.46874996 -0.363281,0.77343746 -0.914063,0.77343746 -0.46875,0 -0.796875,-0.15234375 -1.113281,-0.52734375 l -0.05859,-0.67968751 h -0.386718 l -0.07031,1.40625001 c 0.574219,0.19921875 1.019531,0.26953125 1.546875,0.26953125 1.253906,0 2.097656,-0.6796875 2.097656,-1.71093746 0,-0.7148438 -0.363281,-1.078125 -1.265625,-1.2773438 l -0.808593,-0.1875 c -0.398438,-0.082031 -0.550782,-0.2460937 -0.550782,-0.5507812 0,-0.3984375 0.339844,-0.65625 0.878907,-0.65625 0.398437,0 0.832031,0.1992187 0.867187,0.3984375 l 0.09375,0.5742187 z m 8.367188,-3.8671875 -0.08203,-0.058594 -0.714844,0.2226562 c -0.292969,0.082031 -0.632813,0.140625 -1.207031,0.2109375 v 0.3515625 l 0.527343,0.035156 c 0.222657,0.011719 0.257813,0.1054687 0.257813,0.6914062 v 1.21875 l -0.199219,-0.082031 c -0.28125,-0.1054688 -0.550781,-0.1640625 -0.796875,-0.1640625 -0.316406,0 -0.609375,0.082031 -0.878906,0.2578125 l -0.714844,0.46875 c -0.5625,0.375 -0.832031,0.9375 -0.832031,1.8046875 0,1.41796871 0.738281,2.32031246 1.898437,2.32031246 0.234375,0 0.386719,-0.0351563 0.492188,-0.1171875 l 1.03125,-0.84375 -0.04687,0.75 0.04687,0.08203125 c 0.597656,-0.0234375 0.785156,-0.0351562475 0.902344,-0.0351562475 0.07031,0 0.257812,0.0117187475 0.539062,0.0234374975 0.05859,0 0.257813,0 0.457031,0.01171875 v -0.375 l -0.328125,-0.0234375 c -0.304687,-0.0117188 -0.351562,-0.09375 -0.351562,-0.6328125 z m -1.21875,5.5195313 c 0,0.4453125 -0.46875,0.82031246 -1.019531,0.82031246 -0.703125,0 -1.148438,-0.69140626 -1.148438,-1.76953126 0,-1.0078125 0.351563,-1.5117187 1.054688,-1.5117187 0.421875,0 0.785156,0.1992187 1.113281,0.6328125 z m 6.834961,-1.3476563 c 0,-1.0664062 -0.75,-1.7460937 -1.886719,-1.7460937 -0.351562,0 -0.609375,0.070312 -0.878906,0.2226562 l -0.46875,0.28125 c -0.65625,0.3867188 -0.9375,0.984375 -0.9375,1.9335938 0,1.58203121 0.796875,2.41406246 2.273437,2.41406246 0.574219,0 0.9375,-0.09375 1.582032,-0.421875 L 43.5005,-0.73917969 43.383313,-0.89152344 c -0.46875,0.2578125 -0.761719,0.3515625 -1.160157,0.3515625 -0.515625,0 -1.007812,-0.28125 -1.253906,-0.70312496 -0.164062,-0.28125 -0.222656,-0.515625 -0.246094,-0.984375 h 1.3125 c 0.5625,0 1.007813,-0.058594 1.570313,-0.1992188 z m -2.097656,0.2226563 h -0.04687 c -0.05859,0 -0.328125,-0.011719 -0.480469,-0.023437 l -0.316406,-0.011719 c 0.03516,-0.984375 0.269531,-1.3828125 0.84375,-1.3828125 0.574218,0 0.808593,0.3984375 0.832031,1.3828125 z m 7.133789,-4.453125 -0.714844,0.2226562 c -0.28125,0.082031 -0.621094,0.140625 -1.207031,0.2109375 v 0.3515625 l 0.527343,0.035156 c 0.222657,0.011719 0.269532,0.1054687 0.269532,0.6914062 v 4.66406251 c 0,0.5390625 -0.05859,0.62109375 -0.363282,0.6328125 l -0.351562,0.0234375 v 0.375 L 48.09132,-8.984375e-4 c 0.199219,0 0.679688,0.0117187475 1.347657,0.0351562475 v -0.375 l -0.351563,-0.0234375 c -0.304687,-0.0117188 -0.363281,-0.09375 -0.363281,-0.6328125 V -7.1141797 Z m 4.136718,6.50390621 -0.04687,0.62109375 0.04687,0.08203125 c 0.621094,-0.0234375 0.785157,-0.0351562475 0.914063,-0.0351562475 0.117187,0 0.269531,0.0117187475 0.867187,0.0351562475 v -0.375 l -0.292968,-0.0234375 c -0.222657,-0.046875 -0.269532,-0.140625 -0.28125,-0.609375 V -1.1844922 c -0.01172,-0.3164062 -0.02344,-0.5976562 -0.02344,-0.84375 0,-0.2695312 0.01172,-0.5859375 0.02344,-0.9609375 0.01172,-0.1289062 0.01172,-0.2226562 0.01172,-0.2929687 0,-0.8789063 -0.597656,-1.40625 -1.605468,-1.40625 -0.421875,0 -0.832032,0.1054687 -1.195313,0.3398437 l -0.527344,0.3164063 v 0.6796875 l 0.292969,0.070312 0.222656,-0.4921875 c 0.03516,-0.070312 0.316407,-0.140625 0.574219,-0.140625 0.667969,0 0.996094,0.3632812 1.019531,1.171875 l -0.878906,0.1875 c -1.253906,0.2578125 -1.699219,0.6445312 -1.699219,1.4882812 0,0.80859376 0.410157,1.23046876 1.160157,1.23046876 0.222656,0 0.398437,-0.0351563 0.492187,-0.1171875 z m 0,-0.48046871 c -0.1875,0.25781246 -0.550781,0.44531246 -0.855468,0.44531246 -0.316407,0 -0.503907,-0.234375 -0.503907,-0.62109376 0,-0.4921875 0.210938,-0.6914062 0.914063,-0.8789062 l 0.445312,-0.1171875 z m 9.090821,-1.7929688 c 0,-1.0664062 -0.75,-1.7460937 -1.886719,-1.7460937 -0.351563,0 -0.609375,0.070312 -0.878906,0.2226562 l -0.46875,0.28125 c -0.65625,0.3867188 -0.9375,0.984375 -0.9375,1.9335938 0,1.58203121 0.796875,2.41406246 2.273437,2.41406246 0.574219,0 0.9375,-0.09375 1.582031,-0.421875 l 0.210938,-0.48046875 -0.117188,-0.15234375 c -0.46875,0.2578125 -0.761718,0.3515625 -1.160156,0.3515625 -0.515625,0 -1.007812,-0.28125 -1.253906,-0.70312496 -0.164063,-0.28125 -0.222656,-0.515625 -0.246094,-0.984375 h 1.3125 c 0.5625,0 1.007813,-0.058594 1.570313,-0.1992188 z m -2.097657,0.2226563 h -0.04687 c -0.05859,0 -0.328125,-0.011719 -0.480468,-0.023437 l -0.316407,-0.011719 c 0.03516,-0.984375 0.269532,-1.3828125 0.84375,-1.3828125 0.574219,0 0.808594,0.3984375 0.832032,1.3828125 z m 2.71875,-1.1835938 0.457032,0.023437 c 0.222656,0.023437 0.257812,0.1171875 0.257812,0.703125 v 2.17968751 c 0,0.5390625 -0.04687,0.62109375 -0.363281,0.6328125 l -0.351563,0.0234375 v 0.375 l 1.289063,-0.0351562475 c 0.234375,0 0.65625,0.0117187475 1.265625,0.0351562475 v -0.375 l -0.269531,-0.0234375 c -0.316407,-0.0117188 -0.363282,-0.09375 -0.363282,-0.6328125 V -3.1532422 c 0,-0.3398437 0.410157,-0.6796875 0.808594,-0.6796875 0.585938,0 0.855469,0.375 0.855469,1.1484375 v 1.68750001 c 0,0.5390625 -0.03516,0.62109375 -0.351563,0.6328125 l -0.316406,0.0234375 v 0.375 c 1.042969,-0.0351562475 1.042969,-0.0351562475 1.289063,-0.0351562475 0.246093,0 0.246093,0 1.300781,0.0351562475 v -0.375 l -0.339844,-0.0234375 c -0.316406,-0.0117188 -0.363281,-0.09375 -0.363281,-0.6328125 V -3.1532422 c 0,-0.3398437 0.410156,-0.6796875 0.808594,-0.6796875 0.574218,0 0.855468,0.375 0.855468,1.1484375 V 0.03425781 L 69.885266,-8.984375e-4 C 70.389172,0.01082031 70.459484,0.01082031 70.857922,0.03425781 v -0.375 l -0.328125,-0.0234375 c -0.304688,-0.0117188 -0.351563,-0.09375 -0.351563,-0.6328125 V -2.8485547 c 0,-1.3710937 -0.363281,-1.8398437 -1.429687,-1.8398437 -0.328125,0 -0.550781,0.058594 -0.714844,0.1875 l -0.796875,0.609375 c -0.234375,-0.5625 -0.632812,-0.796875 -1.3125,-0.796875 -0.316406,0 -0.539062,0.058594 -0.714844,0.1875 l -0.796875,0.609375 v -0.7382813 l -0.05859,-0.058594 c -1.03125,0.3398437 -1.3125,0.3984375 -1.863282,0.421875 z m 10.731446,-0.7851562 -0.691407,0.2109375 c -0.339843,0.1054687 -0.515625,0.1289062 -1.019531,0.1992187 l -0.105469,0.011719 v 0.3632812 l 0.445313,0.023437 c 0.222656,0.023437 0.257812,0.1171875 0.257812,0.703125 v 4.7226563 c 0,0.5390625 -0.04687,0.609375 -0.363281,0.6328125 l -0.339844,0.023437 V 2.565507 L 72.683117,2.54207 c 0.128906,0 0.152344,0 1.453125,0.023437 V 2.2022266 L 73.679211,2.1787891 C 73.374523,2.1670703 73.327648,2.0850391 73.327648,1.5459766 V -8.984375e-4 C 73.808117,0.13972656 73.97218,0.16316406 74.206555,0.16316406 c 0.339843,0 0.691406,-0.17578125 1.371093,-0.71484375 0.05859,-0.0351563 0.117188,-0.0820313 0.164063,-0.12890625 0.65625,-0.49218746 1.019531,-1.27734376 1.019531,-2.16796876 0,-1.0546875 -0.761719,-1.8398437 -1.804687,-1.8398437 -0.386719,0 -0.679688,0.1054687 -1.019532,0.3867187 l -0.609375,0.4804688 v -0.8085938 z m 0.105468,1.3945312 c 0.210938,-0.328125 0.539063,-0.5039062 0.949219,-0.5039062 0.773438,0 1.230469,0.5976562 1.230469,1.59375 0,1.0429687 -0.445313,1.69921871 -1.171875,1.69921871 -0.421875,0 -0.738281,-0.17578125 -1.007813,-0.55078121 z m 5.994141,-1.3945312 -0.691406,0.2109375 c -0.328125,0.1054687 -0.503906,0.1289062 -1.125,0.2109375 v 0.3632812 l 0.445312,0.023437 c 0.222657,0.023437 0.257813,0.1171875 0.257813,0.703125 v 2.17968751 c 0,0.5390625 -0.04687,0.62109375 -0.363281,0.6328125 l -0.339844,0.0234375 v 0.375 l 1.277344,-0.0351562475 c 0.128906,0 0.164062,0 1.511718,0.0351562475 v -0.375 l -0.398437,-0.0234375 c -0.421875,-0.0117188 -0.46875,-0.0703125 -0.46875,-0.6328125 V -2.9657422 c 0,-0.3164062 0.398437,-0.6445312 0.796875,-0.6445312 0.246094,0 0.421875,0.1171875 0.5625,0.3632812 l 0.234375,-0.1054687 0.05859,-1.2773438 c -0.105469,-0.046875 -0.234375,-0.058594 -0.375,-0.058594 -0.28125,0 -0.46875,0.1171875 -0.84375,0.5273437 l -0.433594,0.46875 v -0.9375 z m 6.348633,1.7460937 c 0,-1.0664062 -0.75,-1.7460937 -1.886719,-1.7460937 -0.351562,0 -0.609375,0.070312 -0.878906,0.2226562 l -0.46875,0.28125 c -0.65625,0.3867188 -0.9375,0.984375 -0.9375,1.9335938 0,1.58203121 0.796875,2.41406246 2.273437,2.41406246 0.574219,0 0.9375,-0.09375 1.582032,-0.421875 l 0.210937,-0.48046875 -0.117187,-0.15234375 c -0.46875,0.2578125 -0.761719,0.3515625 -1.160157,0.3515625 -0.515625,0 -1.007812,-0.28125 -1.253906,-0.70312496 -0.164062,-0.28125 -0.222656,-0.515625 -0.246094,-0.984375 h 1.3125 c 0.5625,0 1.007813,-0.058594 1.570313,-0.1992188 z m -2.097656,0.2226563 h -0.04687 c -0.05859,0 -0.328125,-0.011719 -0.480469,-0.023437 l -0.316406,-0.011719 c 0.03516,-0.984375 0.269531,-1.3828125 0.84375,-1.3828125 0.574218,0 0.808593,0.3984375 0.832031,1.3828125 z m 6.09375,-0.5273438 0.08203,-1.21875 c -0.398438,-0.1640625 -0.703125,-0.2226562 -1.230469,-0.2226562 -1.347656,0 -2.074219,0.5390625 -2.074219,1.5351562 0,0.65625 0.363282,1.0664063 1.054688,1.2421875 l 0.855469,0.2109375 c 0.457031,0.1054688 0.632812,0.2695313 0.632812,0.6210938 0,0.46874996 -0.363281,0.77343746 -0.914062,0.77343746 -0.46875,0 -0.796875,-0.15234375 -1.113282,-0.52734375 l -0.05859,-0.67968751 h -0.386719 l -0.07031,1.40625001 c 0.574219,0.19921875 1.019532,0.26953125 1.546875,0.26953125 1.253907,0 2.097657,-0.6796875 2.097657,-1.71093746 0,-0.7148438 -0.363282,-1.078125 -1.265625,-1.2773438 l -0.808594,-0.1875 c -0.398438,-0.082031 -0.550781,-0.2460937 -0.550781,-0.5507812 0,-0.3984375 0.339843,-0.65625 0.878906,-0.65625 0.398437,0 0.832031,0.1992187 0.867187,0.3984375 l 0.09375,0.5742187 z m 3.791015,2.57812501 -0.04687,0.62109375 0.04687,0.08203125 c 0.621094,-0.0234375 0.785157,-0.0351562475 0.914063,-0.0351562475 0.117187,0 0.269531,0.0117187475 0.867187,0.0351562475 v -0.375 l -0.292968,-0.0234375 c -0.222657,-0.046875 -0.269532,-0.140625 -0.28125,-0.609375 V -1.1844922 c -0.01172,-0.3164062 -0.02344,-0.5976562 -0.02344,-0.84375 0,-0.2695312 0.01172,-0.5859375 0.02344,-0.9609375 0.01172,-0.1289062 0.01172,-0.2226562 0.01172,-0.2929687 0,-0.8789063 -0.597656,-1.40625 -1.605468,-1.40625 -0.421875,0 -0.832032,0.1054687 -1.195313,0.3398437 l -0.527344,0.3164063 v 0.6796875 l 0.292969,0.070312 0.222656,-0.4921875 c 0.03516,-0.070312 0.316407,-0.140625 0.574219,-0.140625 0.667969,0 0.996094,0.3632812 1.019531,1.171875 l -0.878906,0.1875 c -1.253906,0.2578125 -1.699219,0.6445312 -1.699219,1.4882812 0,0.80859376 0.410157,1.23046876 1.160157,1.23046876 0.222656,0 0.398437,-0.0351563 0.492187,-0.1171875 z m 0,-0.48046871 c -0.1875,0.25781246 -0.550781,0.44531246 -0.855468,0.44531246 -0.316407,0 -0.503907,-0.234375 -0.503907,-0.62109376 0,-0.4921875 0.210938,-0.6914062 0.914063,-0.8789062 l 0.445312,-0.1171875 z m 0,0"
         style="fill:#000000;fill-opacity:1;fill-rule:nonzero;stroke:none" />
      <path
         id="path57"
         d="m 162.57472,-1.9813672 v 0.8203125 c 0,0.65625001 -0.12891,0.80859376 -0.65625,0.83203126 l -0.67969,0.0351563 v 0.328125 c 1.45313,-0.0351562475 1.45313,-0.0351562475 1.71094,-0.0351562475 0.26953,0 0.26953,0 1.71094,0.0351562475 v -0.328125 l -0.51563,-0.0351563 c -0.53906,-0.0351563 -0.65625,-0.17578125 -0.65625,-0.83203126 v -0.8203125 c 0.64453,0 0.86719,0.011719 1.17188,0.046875 v -0.7734375 c -0.50391,0.046875 -0.71485,0.046875 -0.87891,0.035156 h -0.29297 v -1.5234375 c 0,-1.9335938 0.0234,-2.8710938 0.0703,-3.3164063 l -0.1289,-0.058594 -0.8086,0.2929687 -3.08203,5.0507813 0.11719,0.2460937 z m 0,-0.6914062 h -2.34375 l 2.34375,-3.84375 z m 48.49219,0.6914062 v 0.8203125 c 0,0.65625001 -0.12891,0.80859376 -0.65625,0.83203126 l -0.67969,0.0351563 v 0.328125 c 1.45312,-0.0351562475 1.45312,-0.0351562475 1.71094,-0.0351562475 0.26953,0 0.26953,0 1.71093,0.0351562475 v -0.328125 l -0.51562,-0.0351563 c -0.53906,-0.0351563 -0.65625,-0.17578125 -0.65625,-0.83203126 v -0.8203125 c 0.64453,0 0.86719,0.011719 1.17187,0.046875 v -0.7734375 c -0.5039,0.046875 -0.71484,0.046875 -0.8789,0.035156 h -0.29297 v -1.5234375 c 0,-1.9335938 0.0234,-2.8710938 0.0703,-3.3164063 l -0.1289,-0.058594 -0.8086,0.2929687 -3.08203,5.0507813 0.11719,0.2460937 z m 0,-0.6914062 h -2.34375 l 2.34375,-3.84375 z m 58.33593,-2.765625 h 0.33985 l 0.19922,-0.609375 c 0.11718,-0.3632813 0.80859,-0.7382813 1.37109,-0.7382813 0.70312,0 1.28906,0.5742188 1.28906,1.265625 0,0.8203125 -0.64453,1.5 -1.41797,1.5 -0.0937,0 -0.21093,-0.011719 -0.35156,-0.011719 l -0.16406,-0.011719 -0.12891,0.5742188 0.0703,0.070312 c 0.42188,-0.1875 0.6211,-0.2460938 0.92579,-0.2460938 0.90234,0 1.42968,0.5742188 1.42968,1.5703125 0,1.11328126 -0.66797,1.83984376 -1.6875,1.83984376 -0.5039,0 -0.94922,-0.1640625 -1.27734,-0.46875 -0.25781,-0.234375 -0.39844,-0.48046876 -0.60938,-1.07812496 l -0.29296,0.1171875 c 0.23437,0.65625 0.3164,1.05468746 0.38671,1.59374996 0.57422,0.19921875 1.05469,0.29296875 1.45313,0.29296875 0.87891,0 1.875,-0.4921875 2.48437,-1.23046871 0.36329,-0.4453125 0.55079,-0.9257813 0.55079,-1.4414063 0,-0.515625 -0.21094,-0.9726562 -0.60938,-1.2539062 -0.26953,-0.1875 -0.52734,-0.28125 -1.06641,-0.375 0.86719,-0.6796875 1.19532,-1.1835938 1.19532,-1.828125 0,-0.9726563 -0.8086,-1.6054688 -2.01563,-1.6054688 -0.73828,0 -1.23047,0.1992188 -1.75781,0.7265625 z m 47.27344,3.4570312 v 0.8203125 c 0,0.65625001 -0.12891,0.80859376 -0.65625,0.83203126 l -0.67969,0.0351563 v 0.328125 c 1.45313,-0.0351562475 1.45313,-0.0351562475 1.71094,-0.0351562475 0.26953,0 0.26953,0 1.71094,0.0351562475 v -0.328125 l -0.51563,-0.0351563 c -0.53906,-0.0351563 -0.65625,-0.17578125 -0.65625,-0.83203126 v -0.8203125 c 0.64453,0 0.86719,0.011719 1.17188,0.046875 v -0.7734375 c -0.50391,0.046875 -0.71485,0.046875 -0.87891,0.035156 h -0.29297 v -1.5234375 c 0,-1.9335938 0.0234,-2.8710938 0.0703,-3.3164063 l -0.12891,-0.058594 -0.80859,0.2929687 -3.08204,5.0507813 0.11719,0.2460937 z m 0,-0.6914062 h -2.34375 l 2.34375,-3.84375 z m 0,0"
         style="fill:#000000;fill-opacity:1;fill-rule:nonzero;stroke:none" />
    </g>
    <path
       id="path58"
       d="M -274,208.25099 H 167.36932"
       style="fill:none;stroke:#000000;stroke-width:0.530667;stroke-linecap:butt;stroke-linejoin:miter;stroke-miterlimit:10;stroke-dasharray:none;stroke-opacity:1" />
    <g
       id="g58"
       aria-label="Clientesenespera0000"
       transform="matrix(1.3333333,0,0,1.3333333,-266.02934,219.67499)">
      <path
         id="path59"
         d="M 6.891125,-0.86659375 6.7739375,-0.98378125 C 6.1294063,-0.6439375 5.484875,-0.479875 4.828625,-0.479875 c -1.734375,0 -2.8945312,-1.2304688 -2.8945312,-3.1171875 0,-1.7109375 0.9726562,-2.765625 2.5546875,-2.765625 0.7382812,0 1.2304687,0.1875 1.7695312,0.6796875 l 0.046875,0.8671875 H 6.6919063 C 6.8090938,-5.77675 6.8325313,-5.96425 6.9262813,-6.33925 L 6.8676875,-6.4564375 C 5.953625,-6.808 5.4028438,-6.9251875 4.5356563,-6.9251875 c -2.5195313,0 -4.10156255,1.3359375 -4.10156255,3.46875 0,2.2265625 1.53515625,3.62109375 3.99609375,3.62109375 0.9140625,0 1.5117188,-0.12890625 2.25,-0.5390625 z M 9.3491328,-7.1712813 8.6342891,-6.948625 C 8.3530391,-6.866594 8.0131953,-6.808 7.4272578,-6.7376875 v 0.3515625 l 0.5273438,0.035156 C 8.1772578,-6.33925 8.2241328,-6.2455 8.2241328,-5.6595625 V -0.9955 c 0,0.5390625 -0.058594,0.62109375 -0.3632812,0.6328125 L 7.5092891,-0.33925 v 0.375 L 8.7983516,5.9375e-4 c 0.1992187,0 0.6796875,0.01171875 1.3476564,0.03515625 v -0.375 L 9.7944453,-0.3626875 C 9.4897578,-0.37440625 9.4311641,-0.4564375 9.4311641,-0.9955 v -6.1171875 z m 3.3164062,2.484375 -0.691406,0.2109375 c -0.316406,0.1054688 -0.5625,0.140625 -0.972656,0.1875 -0.03516,0 -0.08203,0.011719 -0.152344,0.023437 V -3.90175 l 0.445312,0.023437 c 0.234375,0.023437 0.257813,0.1171875 0.257813,0.703125 V -0.9955 c 0,0.5390625 -0.04687,0.62109375 -0.351563,0.6328125 L 10.849133,-0.33925 v 0.375 L 12.138195,5.9375e-4 c 0.199219,0 0.667969,0.01171875 1.335938,0.03515625 v -0.375 L 13.134289,-0.3626875 C 12.817883,-0.3744063 12.771008,-0.4564375 12.771008,-0.9955 v -3.6328125 z m -0.527344,-2.34375 c -0.433593,0 -0.761718,0.3164063 -0.761718,0.7382813 0,0.4101562 0.328125,0.75 0.75,0.75 0.410156,0 0.738281,-0.3398438 0.738281,-0.7382813 0,-0.4101562 -0.328125,-0.75 -0.726563,-0.75 z m 6.28418,4.0898438 c 0,-1.0664063 -0.75,-1.7460938 -1.886719,-1.7460938 -0.351562,0 -0.609375,0.070312 -0.878906,0.2226563 L 15.188,-4.183 c -0.65625,0.3867187 -0.9375,0.984375 -0.9375,1.9335937 0,1.5820313 0.796875,2.41406255 2.273438,2.41406255 0.574218,0 0.9375,-0.09375 1.582031,-0.421875 l 0.210937,-0.48046875 -0.117187,-0.15234375 c -0.46875,0.2578125 -0.761719,0.3515625 -1.160156,0.3515625 -0.515625,0 -1.007813,-0.28125 -1.253907,-0.70312505 -0.164062,-0.28125 -0.222656,-0.515625 -0.246093,-0.984375 h 1.3125 c 0.5625,0 1.007812,-0.058594 1.570312,-0.1992187 z m -2.097656,0.2226562 h -0.04687 c -0.05859,0 -0.328125,-0.011719 -0.480469,-0.023437 l -0.316406,-0.011719 c 0.03516,-0.984375 0.269531,-1.3828125 0.84375,-1.3828125 0.574219,0 0.808594,0.3984375 0.832031,1.3828125 z m 2.71875,-1.1835937 0.457031,0.023437 c 0.222656,0.023437 0.257813,0.1171875 0.257813,0.703125 V -0.9955 c 0,0.5390625 -0.04687,0.62109375 -0.363282,0.6328125 L 19.043469,-0.33925 v 0.375 L 20.332531,5.9375e-4 c 0.199219,0 0.679688,0.01171875 1.347657,0.03515625 v -0.375 L 21.328625,-0.3626875 C 21.023938,-0.3744063 20.965344,-0.4564375 20.965344,-0.9955 v -2.15625 c 0,-0.3515625 0.410156,-0.6796875 0.855469,-0.6796875 0.65625,0 0.9375,0.3398437 0.9375,1.1367187 V 0.03575 c 0.5625,-0.0234375 0.738281,-0.03515625 0.890625,-0.03515625 0.140625,0 0.140625,0 1.007812,0.03515625 v -0.375 L 24.328625,-0.3626875 C 24.023938,-0.3744063 23.965344,-0.4564375 23.965344,-0.9955 v -1.8515625 c 0,-0.7734375 -0.08203,-1.1484375 -0.339844,-1.4296875 -0.269531,-0.2695313 -0.667969,-0.4101563 -1.160156,-0.4101563 -0.304688,0 -0.539063,0.058594 -0.703125,0.1875 l -0.796875,0.609375 v -0.7382812 l -0.05859,-0.058594 c -1.03125,0.3398438 -1.3125,0.3984375 -1.863281,0.421875 z m 9.076172,3.3046875 -0.07031,-0.1875 c -0.199219,0.09375 -0.304687,0.12890625 -0.457031,0.12890625 -0.46875,0 -0.621094,-0.1640625 -0.621094,-0.64453125 v -2.3789063 h 1.054688 l 0.08203,-0.6445312 -1.136719,0.058594 V -4.83925 c 0,-0.5273438 0.02344,-0.8554688 0.117188,-1.359375 l -0.140625,-0.09375 c -0.398438,0.1875 -0.703125,0.3046875 -1.21875,0.4921875 0.03516,0.515625 0.04687,0.7148437 0.04687,0.9140625 v 0.5976562 l -0.65625,0.4335938 v 0.2226562 l 0.632812,-0.046875 v 2.578125 c 0,0.89062505 0.375,1.26562505 1.242188,1.26562505 0.304687,0 0.550781,-0.0585938 0.644531,-0.17578125 z m 4.6875,-2.34375 c 0,-1.0664063 -0.75,-1.7460938 -1.886719,-1.7460938 -0.351563,0 -0.609375,0.070312 -0.878906,0.2226563 l -0.46875,0.28125 c -0.65625,0.3867187 -0.9375,0.984375 -0.9375,1.9335937 0,1.5820313 0.796875,2.41406255 2.273437,2.41406255 0.574219,0 0.9375,-0.09375 1.582031,-0.421875 l 0.210938,-0.48046875 -0.117188,-0.15234375 c -0.46875,0.2578125 -0.761718,0.3515625 -1.160156,0.3515625 -0.515625,0 -1.007812,-0.28125 -1.253906,-0.70312505 -0.164063,-0.28125 -0.222656,-0.515625 -0.246094,-0.984375 h 1.3125 c 0.5625,0 1.007813,-0.058594 1.570313,-0.1992187 z m -2.097657,0.2226562 h -0.04687 c -0.05859,0 -0.328125,-0.011719 -0.480468,-0.023437 l -0.316407,-0.011719 c 0.03516,-0.984375 0.269532,-1.3828125 0.84375,-1.3828125 0.574219,0 0.808594,0.3984375 0.832032,1.3828125 z m 6.09668,-0.5273437 0.08203,-1.21875 c -0.398437,-0.1640625 -0.703125,-0.2226563 -1.230468,-0.2226563 -1.347657,0 -2.074219,0.5390625 -2.074219,1.5351563 0,0.65625 0.363281,1.0664062 1.054687,1.2421875 l 0.855469,0.2109375 c 0.457031,0.1054687 0.632813,0.2695312 0.632813,0.6210937 0,0.46875005 -0.363282,0.77343755 -0.914063,0.77343755 -0.46875,0 -0.796875,-0.15234375 -1.113281,-0.52734375 L 34.040539,-1.511125 H 33.65382 l -0.07031,1.40625 c 0.574219,0.19921875 1.019531,0.26953125 1.546875,0.26953125 1.253906,0 2.097656,-0.6796875 2.097656,-1.71093755 0,-0.7148437 -0.363281,-1.078125 -1.265625,-1.2773437 l -0.808594,-0.1875 c -0.398437,-0.082031 -0.550781,-0.2460938 -0.550781,-0.5507813 0,-0.3984375 0.339844,-0.65625 0.878906,-0.65625 0.398438,0 0.832032,0.1992188 0.867188,0.3984375 l 0.09375,0.5742188 z m 7.898438,0.3046875 c 0,-1.0664063 -0.75,-1.7460938 -1.886719,-1.7460938 -0.351563,0 -0.609375,0.070312 -0.878906,0.2226563 l -0.46875,0.28125 c -0.65625,0.3867187 -0.9375,0.984375 -0.9375,1.9335937 0,1.5820313 0.796875,2.41406255 2.273437,2.41406255 0.574219,0 0.9375,-0.09375 1.582031,-0.421875 l 0.210938,-0.48046875 -0.117188,-0.15234375 c -0.46875,0.2578125 -0.761718,0.3515625 -1.160156,0.3515625 -0.515625,0 -1.007812,-0.28125 -1.253906,-0.70312505 -0.164063,-0.28125 -0.222656,-0.515625 -0.246094,-0.984375 h 1.3125 c 0.5625,0 1.007813,-0.058594 1.570313,-0.1992187 z m -2.097657,0.2226562 h -0.04687 c -0.05859,0 -0.328125,-0.011719 -0.480468,-0.023437 L 41.7632,-2.7533123 c 0.03516,-0.984375 0.269532,-1.3828125 0.84375,-1.3828125 0.574219,0 0.808594,0.3984375 0.832032,1.3828125 z m 2.71875,-1.1835937 0.457032,0.023437 c 0.222656,0.023437 0.257812,0.1171875 0.257812,0.703125 V -0.9955 c 0,0.5390625 -0.04687,0.62109375 -0.363281,0.6328125 L 45.325695,-0.33925 v 0.375 L 46.614758,5.9375e-4 c 0.199219,0 0.679687,0.01171875 1.347656,0.03515625 v -0.375 L 47.610852,-0.3626875 C 47.306164,-0.37440625 47.24757,-0.4564375 47.24757,-0.9955 v -2.15625 c 0,-0.3515625 0.410157,-0.6796875 0.855469,-0.6796875 0.65625,0 0.9375,0.3398437 0.9375,1.1367187 V 0.03575 c 0.5625,-0.0234375 0.738281,-0.03515625 0.890625,-0.03515625 0.140625,0 0.140625,0 1.007813,0.03515625 v -0.375 L 50.610852,-0.3626875 C 50.306164,-0.37440625 50.24757,-0.4564375 50.24757,-0.9955 v -1.8515625 c 0,-0.7734375 -0.08203,-1.1484375 -0.339843,-1.4296875 -0.269532,-0.2695313 -0.667969,-0.4101563 -1.160157,-0.4101563 -0.304687,0 -0.539062,0.058594 -0.703125,0.1875 l -0.796875,0.609375 v -0.7382812 l -0.05859,-0.058594 c -1.03125,0.3398438 -1.3125,0.3984375 -1.863282,0.421875 z m 12.9375,0.9609375 c 0,-1.0664063 -0.75,-1.7460938 -1.886718,-1.7460938 -0.351563,0 -0.609375,0.070312 -0.878907,0.2226563 L 55.02882,-4.183 c -0.65625,0.3867187 -0.9375,0.984375 -0.9375,1.9335937 0,1.5820313 0.796875,2.41406255 2.273438,2.41406255 0.574219,0 0.9375,-0.09375 1.582031,-0.421875 l 0.210938,-0.48046875 -0.117188,-0.15234375 c -0.46875,0.2578125 -0.761719,0.3515625 -1.160156,0.3515625 -0.515625,0 -1.007813,-0.28125 -1.253906,-0.70312505 -0.164063,-0.28125 -0.222657,-0.515625 -0.246094,-0.984375 h 1.3125 c 0.5625,0 1.007812,-0.058594 1.570312,-0.1992187 z m -2.097656,0.2226562 h -0.04687 c -0.05859,0 -0.328125,-0.011719 -0.480469,-0.023437 l -0.316406,-0.011719 c 0.03516,-0.984375 0.269531,-1.3828125 0.84375,-1.3828125 0.574219,0 0.808594,0.3984375 0.832031,1.3828125 z m 6.09375,-0.5273437 0.08203,-1.21875 c -0.398437,-0.1640625 -0.703125,-0.2226563 -1.230468,-0.2226563 -1.347657,0 -2.074219,0.5390625 -2.074219,1.5351563 0,0.65625 0.363281,1.0664062 1.054687,1.2421875 l 0.855469,0.2109375 c 0.457031,0.1054687 0.632813,0.2695312 0.632813,0.6210937 0,0.46875005 -0.363282,0.77343755 -0.914063,0.77343755 -0.46875,0 -0.796875,-0.15234375 -1.113281,-0.52734375 l -0.05859,-0.6796875 h -0.386719 l -0.07031,1.40625 c 0.574219,0.19921875 1.019531,0.26953125 1.546875,0.26953125 1.253906,0 2.097656,-0.6796875 2.097656,-1.71093755 0,-0.7148437 -0.363281,-1.078125 -1.265625,-1.2773437 l -0.808594,-0.1875 c -0.398437,-0.082031 -0.550781,-0.2460938 -0.550781,-0.5507813 0,-0.3984375 0.339844,-0.65625 0.878906,-0.65625 0.398438,0 0.832032,0.1992188 0.867188,0.3984375 l 0.09375,0.5742188 z m 2.923828,-1.4414063 -0.691406,0.2109375 C 64.151867,-4.3705 63.976086,-4.3470625 63.47218,-4.27675 l -0.105469,0.011719 v 0.363281 l 0.445312,0.023437 c 0.222657,0.023437 0.257813,0.1171875 0.257813,0.703125 v 4.7226562 c 0,0.5390625 -0.04687,0.609375 -0.363281,0.6328125 l -0.339844,0.023437 V 2.567 l 1.277344,-0.023437 c 0.128906,0 0.152343,0 1.453125,0.023437 V 2.2037187 L 65.640148,2.1802812 C 65.335461,2.1685625 65.288586,2.0865312 65.288586,1.5474687 V 5.9375e-4 c 0.480469,0.140625 0.644531,0.1640625 0.878906,0.1640625 0.339844,0 0.691406,-0.17578125 1.371094,-0.71484375 0.05859,-0.0351563 0.117187,-0.0820313 0.164062,-0.12890625 0.65625,-0.49218755 1.019532,-1.27734375 1.019532,-2.16796875 0,-1.0546875 -0.761719,-1.8398438 -1.804688,-1.8398438 -0.386719,0 -0.679687,0.1054688 -1.019531,0.3867188 l -0.609375,0.4804687 v -0.8085937 z m 0.105469,1.3945313 c 0.210937,-0.328125 0.539062,-0.5039063 0.949219,-0.5039063 0.773437,0 1.230468,0.5976563 1.230468,1.59375 0,1.0429688 -0.445312,1.6992188 -1.171875,1.6992188 -0.421875,0 -0.738281,-0.17578125 -1.007812,-0.5507813 z m 8.466797,0.3515625 c 0,-1.0664063 -0.75,-1.7460938 -1.886719,-1.7460938 -0.351562,0 -0.609375,0.070312 -0.878906,0.2226563 l -0.46875,0.28125 c -0.65625,0.3867187 -0.9375,0.984375 -0.9375,1.9335937 0,1.5820313 0.796875,2.41406255 2.273437,2.41406255 0.574219,0 0.9375,-0.09375 1.582032,-0.421875 l 0.210937,-0.48046875 -0.117187,-0.15234375 c -0.46875,0.2578125 -0.761719,0.3515625 -1.160157,0.3515625 -0.515625,0 -1.007812,-0.28125 -1.253906,-0.70312505 -0.164062,-0.28125 -0.222656,-0.515625 -0.246094,-0.984375 h 1.3125 c 0.5625,0 1.007813,-0.058594 1.570313,-0.1992187 z m -2.097656,0.2226562 h -0.04687 c -0.05859,0 -0.328125,-0.011719 -0.480469,-0.023437 l -0.316406,-0.011719 c 0.03516,-0.984375 0.269531,-1.3828125 0.84375,-1.3828125 0.574218,0 0.808593,0.3984375 0.832031,1.3828125 z m 4.605468,-1.96875 -0.691406,0.2109375 c -0.328125,0.1054688 -0.503906,0.1289063 -1.125,0.2109375 V -3.90175 l 0.445313,0.023437 c 0.222656,0.023437 0.257812,0.1171875 0.257812,0.703125 V -0.9955 c 0,0.5390625 -0.04687,0.62109375 -0.363281,0.6328125 L 74.446789,-0.33925 v 0.375 L 75.724133,5.9375e-4 c 0.128906,0 0.164062,0 1.511719,0.03515625 v -0.375 L 76.837414,-0.3626875 C 76.415539,-0.37440625 76.368664,-0.433 76.368664,-0.9955 v -1.96875 c 0,-0.3164063 0.398438,-0.6445313 0.796875,-0.6445313 0.246094,0 0.421875,0.1171875 0.5625,0.3632813 l 0.234375,-0.1054688 0.05859,-1.2773437 c -0.105469,-0.046875 -0.234375,-0.058594 -0.375,-0.058594 -0.28125,0 -0.46875,0.1171875 -0.84375,0.5273438 l -0.433594,0.46875 v -0.9375 z m 4.731446,4.0195313 -0.04687,0.62109375 0.04687,0.08203125 c 0.621093,-0.0234375 0.785156,-0.03515625 0.914062,-0.03515625 0.117188,0 0.269531,0.01171875 0.867188,0.03515625 v -0.375 l -0.292969,-0.0234375 c -0.222656,-0.046875 -0.269531,-0.140625 -0.28125,-0.609375 V -1.183 c -0.01172,-0.3164063 -0.02344,-0.5976563 -0.02344,-0.84375 0,-0.2695313 0.01172,-0.5859375 0.02344,-0.9609375 0.01172,-0.1289063 0.01172,-0.2226563 0.01172,-0.2929688 0,-0.8789062 -0.597657,-1.40625 -1.605469,-1.40625 -0.421875,0 -0.832031,0.1054688 -1.195313,0.3398438 l -0.527343,0.3164062 v 0.6796875 l 0.292968,0.070312 0.222657,-0.4921875 c 0.03516,-0.070312 0.316406,-0.140625 0.574218,-0.140625 0.667969,0 0.996094,0.3632813 1.019532,1.171875 l -0.878907,0.1875 c -1.253906,0.2578125 -1.699218,0.6445313 -1.699218,1.4882813 0,0.80859375 0.410156,1.23046875 1.160156,1.23046875 0.222656,0 0.398437,-0.0351563 0.492187,-0.1171875 z m 0,-0.4804688 c -0.1875,0.25781255 -0.550782,0.44531255 -0.855469,0.44531255 -0.316406,0 -0.503906,-0.234375 -0.503906,-0.62109375 0,-0.4921875 0.210937,-0.6914063 0.914062,-0.8789063 l 0.445313,-0.1171875 z m 0,0"
         style="fill:#000000;fill-opacity:1;fill-rule:nonzero;stroke:none" />
      <path
         id="path60"
         d="m 162.38722,-7.511125 c -1.6875,0 -2.55469,1.3359375 -2.55469,3.9726562 0,1.2773438 0.23438,2.3789063 0.60938,2.9179688 0.38672,0.5390625 0.99609,0.84375 1.67578,0.84375 1.64062,0 2.47265,-1.4179688 2.47265,-4.21875 0,-2.390625 -0.71484,-3.515625 -2.20312,-3.515625 z m -0.19922,0.375 c 1.05469,0 1.48828,1.0664062 1.48828,3.6914062 0,2.3203125 -0.42187,3.28125005 -1.41797,3.28125005 -1.0664,0 -1.51172,-1.10156255 -1.51172,-3.76171875 0,-2.3085938 0.41016,-3.2109375 1.44141,-3.2109375 z m 48.69141,-0.375 c -1.6875,0 -2.55469,1.3359375 -2.55469,3.9726562 0,1.2773438 0.23437,2.3789063 0.60937,2.9179688 0.38672,0.5390625 0.9961,0.84375 1.67579,0.84375 1.64062,0 2.47265,-1.4179688 2.47265,-4.21875 0,-2.390625 -0.71484,-3.515625 -2.20312,-3.515625 z m -0.19922,0.375 c 1.05469,0 1.48828,1.0664062 1.48828,3.6914062 0,2.3203125 -0.42188,3.28125005 -1.41797,3.28125005 -1.06641,0 -1.51172,-1.10156255 -1.51172,-3.76171875 0,-2.3085938 0.41016,-3.2109375 1.44141,-3.2109375 z m 61.125,-0.375 c -1.6875,0 -2.55469,1.3359375 -2.55469,3.9726562 0,1.2773438 0.23437,2.3789063 0.60937,2.9179688 0.38672,0.5390625 0.9961,0.84375 1.67579,0.84375 1.64062,0 2.47265,-1.4179688 2.47265,-4.21875 0,-2.390625 -0.71484,-3.515625 -2.20312,-3.515625 z m -0.19922,0.375 c 1.05469,0 1.48828,1.0664062 1.48828,3.6914062 0,2.3203125 -0.42188,3.28125005 -1.41797,3.28125005 -1.06641,0 -1.51172,-1.10156255 -1.51172,-3.76171875 0,-2.3085938 0.41016,-3.2109375 1.44141,-3.2109375 z m 44.88281,-0.375 c -1.6875,0 -2.55469,1.3359375 -2.55469,3.9726562 0,1.2773438 0.23438,2.3789063 0.60938,2.9179688 0.38672,0.5390625 0.99609,0.84375 1.67578,0.84375 1.64062,0 2.47266,-1.4179688 2.47266,-4.21875 0,-2.390625 -0.71485,-3.515625 -2.20313,-3.515625 z m -0.19922,0.375 c 1.05469,0 1.48828,1.0664062 1.48828,3.6914062 0,2.3203125 -0.42187,3.28125005 -1.41797,3.28125005 -1.0664,0 -1.51171,-1.10156255 -1.51171,-3.76171875 0,-2.3085938 0.41015,-3.2109375 1.4414,-3.2109375 z m 0,0"
         style="fill:#000000;fill-opacity:1;fill-rule:nonzero;stroke:none" />
    </g>
    <path
       id="path61"
       d="M -274,224.72299 H 167.36932"
       style="fill:none;stroke:#000000;stroke-width:0.530667;stroke-linecap:butt;stroke-linejoin:miter;stroke-miterlimit:10;stroke-dasharray:none;stroke-opacity:1" />
    <g
       id="g61"
       aria-label="Costesvariables867425121124012059"
       transform="matrix(1.3333333,0,0,1.3333333,-266.02934,236.14699)">
      <path
         id="path62"
         d="m 6.891125,-0.86610156 -0.1171875,-0.1171875 c -0.6445312,0.33984375 -1.2890625,0.50390625 -1.9453125,0.50390625 -1.734375,0 -2.8945312,-1.23046879 -2.8945312,-3.11718749 0,-1.7109375 0.9726562,-2.765625 2.5546875,-2.765625 0.7382812,0 1.2304687,0.1875 1.7695312,0.6796875 l 0.046875,0.8671875 h 0.3867188 c 0.1171875,-0.9609375 0.140625,-1.1484375 0.234375,-1.5234375 l -0.058594,-0.1171875 c -0.9140625,-0.3515625 -1.4648437,-0.46875 -2.3320312,-0.46875 -2.5195313,0 -4.10156255,1.3359375 -4.10156255,3.46875 0,2.2265625 1.53515625,3.62109374 3.99609375,3.62109374 0.9140625,0 1.5117188,-0.12890625 2.25,-0.5390625 z m 3.161133,-3.82031254 c -1.5820314,0 -2.4609377,0.8671875 -2.4609377,2.4609375 0,1.52343754 0.8203125,2.39062504 2.2617188,2.39062504 1.5937499,0 2.4843749,-0.90234375 2.4843749,-2.51953124 0,-1.5117188 -0.808594,-2.3320313 -2.285156,-2.3320313 z m -0.1171877,0.46875 c 0.7148437,0 1.0546877,0.7148438 1.0546877,2.1796875 0,1.20703129 -0.28125,1.73437504 -0.960938,1.73437504 -0.7148434,0 -1.0781247,-0.72656254 -1.0781247,-2.16796874 0,-1.2070313 0.2929688,-1.7460938 0.984375,-1.7460938 z m 6.4072267,0.9726563 0.08203,-1.21875 c -0.398437,-0.1640625 -0.703125,-0.2226563 -1.230469,-0.2226563 -1.347656,0 -2.074218,0.5390625 -2.074218,1.5351563 0,0.65625 0.363281,1.0664062 1.054687,1.2421875 l 0.855469,0.2109375 c 0.457031,0.1054687 0.632812,0.2695312 0.632812,0.6210937 0,0.46875004 -0.363281,0.77343754 -0.914062,0.77343754 -0.46875,0 -0.796875,-0.15234375 -1.113281,-0.52734375 l -0.05859,-0.67968749 h -0.386719 l -0.07031,1.40624999 c 0.574218,0.19921875 1.019531,0.26953125 1.546875,0.26953125 1.253906,0 2.097656,-0.6796875 2.097656,-1.71093754 0,-0.7148437 -0.363281,-1.078125 -1.265625,-1.2773437 l -0.808594,-0.1875 c -0.398437,-0.082031 -0.550781,-0.2460938 -0.550781,-0.5507813 0,-0.3984375 0.339844,-0.65625 0.878906,-0.65625 0.398438,0 0.832031,0.1992188 0.867188,0.3984375 l 0.09375,0.5742188 z m 4.037109,2.64843749 -0.07031,-0.1875 c -0.199219,0.09375 -0.304688,0.12890625 -0.457031,0.12890625 -0.46875,0 -0.621094,-0.1640625 -0.621094,-0.64453124 v -2.3789063 h 1.054687 l 0.08203,-0.6445312 -1.136719,0.058594 v -0.5742187 c 0,-0.5273438 0.02344,-0.8554688 0.117187,-1.359375 l -0.140625,-0.09375 c -0.398437,0.1875 -0.703125,0.3046875 -1.21875,0.4921875 0.03516,0.515625 0.04687,0.7148437 0.04687,0.9140625 v 0.5976562 l -0.65625,0.4335938 v 0.2226562 l 0.632813,-0.046875 v 2.578125 c 0,0.89062504 0.375,1.26562504 1.242187,1.26562504 0.304688,0 0.550782,-0.0585938 0.644532,-0.17578125 z m 4.6875,-2.34374999 c 0,-1.0664063 -0.75,-1.7460938 -1.886718,-1.7460938 -0.351563,0 -0.609375,0.070312 -0.878907,0.2226563 l -0.46875,0.28125 c -0.65625,0.3867187 -0.9375,0.984375 -0.9375,1.9335937 0,1.58203129 0.796875,2.41406254 2.273438,2.41406254 0.574219,0 0.9375,-0.09375 1.582031,-0.421875 l 0.210938,-0.48046875 -0.117188,-0.15234375 c -0.46875,0.2578125 -0.761719,0.3515625 -1.160156,0.3515625 -0.515625,0 -1.007813,-0.28125 -1.253906,-0.70312504 -0.164063,-0.28125 -0.222657,-0.515625 -0.246094,-0.984375 h 1.3125 c 0.5625,0 1.007812,-0.058594 1.570312,-0.1992187 z m -2.097656,0.2226562 h -0.04687 c -0.05859,0 -0.328125,-0.011719 -0.480469,-0.023437 L 22.1255,-2.7528203 c 0.03516,-0.984375 0.269531,-1.3828125 0.84375,-1.3828125 0.574219,0 0.808594,0.3984375 0.832031,1.3828125 z m 6.09375,-0.5273437 0.08203,-1.21875 c -0.398437,-0.1640625 -0.703125,-0.2226563 -1.230468,-0.2226563 -1.347657,0 -2.074219,0.5390625 -2.074219,1.5351563 0,0.65625 0.363281,1.0664062 1.054687,1.2421875 l 0.855469,0.2109375 c 0.457031,0.1054687 0.632813,0.2695312 0.632813,0.6210937 0,0.46875004 -0.363282,0.77343754 -0.914063,0.77343754 -0.46875,0 -0.796875,-0.15234375 -1.113281,-0.52734375 l -0.05859,-0.67968749 h -0.386719 l -0.07031,1.40624999 c 0.574219,0.19921875 1.019531,0.26953125 1.546875,0.26953125 1.253906,0 2.097656,-0.6796875 2.097656,-1.71093754 0,-0.7148437 -0.363281,-1.078125 -1.265625,-1.2773437 l -0.808594,-0.1875 c -0.398437,-0.082031 -0.550781,-0.2460938 -0.550781,-0.5507813 0,-0.3984375 0.339844,-0.65625 0.878906,-0.65625 0.398438,0 0.832032,0.1992188 0.867188,0.3984375 l 0.09375,0.5742188 z m 5.566406,3.28124999 h 0.855469 c 0.164063,-0.45703125 0.257813,-0.703125 0.375,-0.97265625 l 1.277344,-2.87109374 c 0.09375,-0.2109375 0.1875,-0.3046875 0.363281,-0.3398438 l 0.292969,-0.046875 v -0.375 l -0.949219,0.023437 c -0.515625,0 -0.597656,0 -0.972656,-0.023437 v 0.375 l 0.386719,0.023437 c 0.128906,0.011719 0.222656,0.082031 0.222656,0.1640625 0,0.1171875 -0.02344,0.2578125 -0.09375,0.4101563 l -0.597656,1.5 c -0.09375,0.2226562 -0.1875,0.4335937 -0.351563,0.796875 l -0.878906,-2.1914063 c -0.09375,-0.2578125 -0.140625,-0.3984375 -0.140625,-0.515625 0,-0.09375 0.08203,-0.1523437 0.234375,-0.1640625 L 35.063,-4.1942266 v -0.375 l -1.289062,0.023437 c -0.128907,0 -0.292969,0 -1.300782,-0.023437 v 0.375 l 0.257813,0.023437 c 0.164062,0.023437 0.292969,0.1875 0.46875,0.6210938 z m 6.254883,-0.703125 -0.04687,0.62109375 0.04687,0.08203125 c 0.621094,-0.0234375 0.785156,-0.03515625 0.914063,-0.03515625 0.117187,0 0.269531,0.01171875 0.867187,0.03515625 v -0.375 l -0.292969,-0.0234375 c -0.222656,-0.046875 -0.269531,-0.140625 -0.28125,-0.609375 V -1.1825078 c -0.01172,-0.3164063 -0.02344,-0.5976563 -0.02344,-0.84375 0,-0.2695313 0.01172,-0.5859375 0.02344,-0.9609375 0.01172,-0.1289063 0.01172,-0.2226563 0.01172,-0.2929688 0,-0.8789062 -0.597656,-1.40625 -1.605469,-1.40625 -0.421875,0 -0.832031,0.1054688 -1.195312,0.3398438 l -0.527344,0.3164062 v 0.6796875 l 0.292969,0.070312 0.222656,-0.4921875 c 0.03516,-0.070312 0.316406,-0.140625 0.574219,-0.140625 0.667969,0 0.996094,0.3632813 1.019531,1.171875 l -0.878906,0.1875 c -1.253906,0.2578125 -1.699219,0.6445313 -1.699219,1.4882813 0,0.80859374 0.410156,1.23046874 1.160156,1.23046874 0.222657,0 0.398438,-0.0351563 0.492188,-0.1171875 z m 0,-0.48046879 c -0.1875,0.25781254 -0.550781,0.44531254 -0.855469,0.44531254 -0.316406,0 -0.503906,-0.234375 -0.503906,-0.62109374 0,-0.4921875 0.210938,-0.6914063 0.914063,-0.8789063 l 0.445312,-0.1171875 z m 4.125,-3.5390625 -0.691406,0.2109375 c -0.328125,0.1054688 -0.503906,0.1289063 -1.125,0.2109375 v 0.3632813 l 0.445312,0.023437 c 0.222657,0.023437 0.257813,0.1171875 0.257813,0.703125 v 2.17968749 c 0,0.5390625 -0.04687,0.62109375 -0.363281,0.6328125 l -0.339844,0.0234375 v 0.375 l 1.277344,-0.03515625 c 0.128906,0 0.164062,0 1.511718,0.03515625 v -0.375 l -0.398437,-0.0234375 c -0.421875,-0.0117188 -0.46875,-0.0703125 -0.46875,-0.6328125 V -2.9637578 c 0,-0.3164063 0.398437,-0.6445313 0.796875,-0.6445313 0.246094,0 0.421875,0.1171875 0.5625,0.3632813 l 0.234375,-0.1054688 0.05859,-1.2773437 c -0.105469,-0.046875 -0.234375,-0.058594 -0.375,-0.058594 -0.28125,0 -0.46875,0.1171875 -0.84375,0.5273438 l -0.433594,0.46875 v -0.9375 z m 3.911133,0 -0.691406,0.2109375 c -0.316407,0.1054688 -0.5625,0.140625 -0.972657,0.1875 -0.03516,0 -0.08203,0.011719 -0.152343,0.023437 v 0.3632813 l 0.445312,0.023437 c 0.234375,0.023437 0.257813,0.1171875 0.257813,0.703125 v 2.17968749 c 0,0.5390625 -0.04687,0.62109375 -0.351563,0.6328125 l -0.351562,0.0234375 v 0.375 l 1.289062,-0.03515625 c 0.199219,0 0.667969,0.01171875 1.335938,0.03515625 v -0.375 l -0.339844,-0.0234375 c -0.316406,-0.0117188 -0.363281,-0.09375 -0.363281,-0.6328125 V -4.6278203 Z m -0.527344,-2.34375 c -0.433594,0 -0.761719,0.3164063 -0.761719,0.7382813 0,0.4101562 0.328125,0.75 0.75,0.75 0.410157,0 0.738282,-0.3398438 0.738282,-0.7382813 0,-0.4101562 -0.328125,-0.75 -0.726563,-0.75 z m 4.664063,6.36328129 -0.04687,0.62109375 0.04687,0.08203125 c 0.621093,-0.0234375 0.785156,-0.03515625 0.914062,-0.03515625 0.117188,0 0.269531,0.01171875 0.867188,0.03515625 v -0.375 l -0.292969,-0.0234375 c -0.222656,-0.046875 -0.269531,-0.140625 -0.28125,-0.609375 V -1.1825078 c -0.01172,-0.3164063 -0.02344,-0.5976563 -0.02344,-0.84375 0,-0.2695313 0.01172,-0.5859375 0.02344,-0.9609375 0.01172,-0.1289063 0.01172,-0.2226563 0.01172,-0.2929688 0,-0.8789062 -0.597657,-1.40625 -1.605469,-1.40625 -0.421875,0 -0.832031,0.1054688 -1.195313,0.3398438 l -0.527343,0.3164062 v 0.6796875 l 0.292968,0.070312 0.222657,-0.4921875 c 0.03516,-0.070312 0.316406,-0.140625 0.574218,-0.140625 0.667969,0 0.996094,0.3632813 1.019532,1.171875 l -0.878907,0.1875 c -1.253906,0.2578125 -1.699218,0.6445313 -1.699218,1.4882813 0,0.80859374 0.410156,1.23046874 1.160156,1.23046874 0.222656,0 0.398437,-0.0351563 0.492187,-0.1171875 z m 0,-0.48046879 c -0.1875,0.25781254 -0.550782,0.44531254 -0.855469,0.44531254 -0.316406,0 -0.503906,-0.234375 -0.503906,-0.62109374 0,-0.4921875 0.210937,-0.6914063 0.914062,-0.8789063 l 0.445313,-0.1171875 z m 4.104492,-5.9648437 -0.07031,-0.058594 -0.726562,0.2226563 c -0.28125,0.082031 -0.621094,0.140625 -1.195313,0.2109375 v 0.3515625 l 0.527344,0.035156 c 0.210938,0.011719 0.257813,0.1054688 0.257813,0.6914063 v 4.0429687 c 0,0.5273438 -0.03516,1.12500004 -0.09375,1.65234379 l 0.222656,0.08203125 0.386719,-0.31640625 c 0.457031,0.24609375 0.878906,0.36328125 1.300781,0.36328125 0.316406,0 0.585937,-0.0703125 0.867187,-0.24609375 0.398438,-0.234375 0.855469,-0.55078125 1.136719,-0.7734375 0.503906,-0.41015629 0.832031,-1.17187499 0.832031,-1.94531249 0,-1.1015625 -0.75,-1.8867188 -1.804687,-1.8867188 -0.386719,0 -0.679688,0.1054688 -1.03125,0.3867188 l -0.609375,0.4804687 z m 0,3.8203125 c 0.222656,-0.328125 0.550781,-0.5039063 0.960937,-0.5039063 0.761719,0 1.230469,0.5976563 1.230469,1.59375 0,1.0429688 -0.457031,1.69921879 -1.183594,1.69921879 -0.410156,0 -0.738281,-0.17578125 -1.007812,-0.55078129 z m 6.146484,-3.8789063 -0.714844,0.2226563 c -0.28125,0.082031 -0.621093,0.140625 -1.207031,0.2109375 v 0.3515625 l 0.527344,0.035156 c 0.222656,0.011719 0.269531,0.1054688 0.269531,0.6914063 v 4.66406249 c 0,0.5390625 -0.05859,0.62109375 -0.363281,0.6328125 l -0.351563,0.0234375 v 0.375 l 1.289063,-0.03515625 c 0.199219,0 0.679687,0.01171875 1.347656,0.03515625 v -0.375 l -0.351562,-0.0234375 c -0.304688,-0.0117188 -0.363282,-0.09375 -0.363282,-0.6328125 V -7.1121953 Z m 5.753906,4.2304688 c 0,-1.0664063 -0.75,-1.7460938 -1.886718,-1.7460938 -0.351563,0 -0.609375,0.070312 -0.878907,0.2226563 l -0.46875,0.28125 c -0.65625,0.3867187 -0.9375,0.984375 -0.9375,1.9335937 0,1.58203129 0.796875,2.41406254 2.273438,2.41406254 0.574219,0 0.9375,-0.09375 1.582031,-0.421875 l 0.210938,-0.48046875 -0.117188,-0.15234375 c -0.46875,0.2578125 -0.761719,0.3515625 -1.160156,0.3515625 -0.515625,0 -1.007813,-0.28125 -1.253906,-0.70312504 -0.164063,-0.28125 -0.222657,-0.515625 -0.246094,-0.984375 h 1.3125 c 0.5625,0 1.007812,-0.058594 1.570312,-0.1992187 z m -2.097656,0.2226562 h -0.04687 c -0.05859,0 -0.328125,-0.011719 -0.480469,-0.023437 l -0.316406,-0.011719 c 0.03516,-0.984375 0.269531,-1.3828125 0.84375,-1.3828125 0.574219,0 0.808594,0.3984375 0.832031,1.3828125 z m 6.09375,-0.5273437 0.08203,-1.21875 c -0.398437,-0.1640625 -0.703125,-0.2226563 -1.230468,-0.2226563 -1.347657,0 -2.074219,0.5390625 -2.074219,1.5351563 0,0.65625 0.363281,1.0664062 1.054687,1.2421875 l 0.855469,0.2109375 c 0.457031,0.1054687 0.632813,0.2695312 0.632813,0.6210937 0,0.46875004 -0.363282,0.77343754 -0.914063,0.77343754 -0.46875,0 -0.796875,-0.15234375 -1.113281,-0.52734375 l -0.05859,-0.67968749 h -0.386719 l -0.07031,1.40624999 c 0.574219,0.19921875 1.019531,0.26953125 1.546875,0.26953125 1.253906,0 2.097656,-0.6796875 2.097656,-1.71093754 0,-0.7148437 -0.363281,-1.078125 -1.265625,-1.2773437 l -0.808594,-0.1875 c -0.398437,-0.082031 -0.550781,-0.2460938 -0.550781,-0.5507813 0,-0.3984375 0.339844,-0.65625 0.878906,-0.65625 0.398438,0 0.832032,0.1992188 0.867188,0.3984375 l 0.09375,0.5742188 z m 0,0"
         style="fill:#000000;fill-opacity:1;fill-rule:nonzero;stroke:none" />
      <path
         id="path63"
         d="m 144.97902,-3.7606328 c -0.44532,0.1992187 -0.63282,0.328125 -0.86719,0.5507812 -0.41016,0.421875 -0.63281,0.9140625 -0.63281,1.4765625 0,1.12500004 0.90234,1.95703129 2.13281,1.95703129 1.41797,0 2.60156,-1.11328125 2.60156,-2.47265629 0,-0.8671875 -0.39844,-1.3359375 -1.65234,-1.9101562 0.99609,-0.6679688 1.34765,-1.1367188 1.34765,-1.78125 0,-0.9375 -0.77343,-1.5703125 -1.93359,-1.5703125 -1.30078,0 -2.25,0.8203125 -2.25,1.96875 0,0.7382812 0.29297,1.1601562 1.25391,1.78125 z m 1.26562,0.5390625 c 0.69141,0.3046875 1.10156,0.84375 1.10156,1.4296875 0,0.92578124 -0.67968,1.64062499 -1.57031,1.64062499 -0.92578,0 -1.52344,-0.65625 -1.52344,-1.66406249 0,-0.796875 0.31641,-1.3007813 1.125,-1.7929688 z m -0.65625,-1.3945313 c -0.69141,-0.3398437 -1.04297,-0.7734375 -1.04297,-1.3125 0,-0.7265625 0.52735,-1.21875 1.30078,-1.21875 0.79688,0 1.32422,0.5273438 1.32422,1.3242188 0,0.6210937 -0.28125,1.0429687 -0.98437,1.5 z m 7.55274,-2.71875 -0.39844,-0.1757812 c -1.05469,0.3398437 -1.5,0.5625 -2.05078,1.0429687 -1.125,0.9492188 -1.73438,2.2734375 -1.73438,3.7734375 0,1.80468754 0.86719,2.91796879 2.27344,2.91796879 1.41797,0 2.48437,-1.125 2.48437,-2.61328129 0,-1.2539062 -0.76171,-2.0742187 -1.91015,-2.0742187 -0.55078,0 -0.87891,0.140625 -1.52344,0.65625 -0.11719,0.09375 -0.12891,0.1054687 -0.24609,0.1992187 0.23437,-1.9804687 1.14843,-3.046875 3.10547,-3.6328125 z m -1.75782,3.5273438 c 0.83203,0 1.39453,0.7265625 1.39453,1.8046875 0,1.13671874 -0.5625,1.86328124 -1.40625,1.86328124 -0.92578,0 -1.41796,-0.796875 -1.41796,-2.26171874 0,-0.375 0.0351,-0.5859375 0.15234,-0.7734375 0.24609,-0.375 0.76172,-0.6328125 1.27734,-0.6328125 z m 3.28711,3.70312499 0.10547,0.140625 c 0.42188,-0.03515625 0.42188,-0.03515625 0.49219,-0.03515625 0.082,0 0.082,0 0.5039,0.03515625 0.45704,-1.19531249 0.9961,-2.33203129 1.71094,-3.63281249 l 2.00391,-3.5976563 v -0.3164062 c -1.1836,0.035156 -1.5586,0.046875 -2.44922,0.046875 -0.79688,0 -1.32422,-0.011719 -2.39063,-0.046875 l -0.10546,0.046875 c 0.0352,1.0429687 0.0352,1.0429687 0.0352,1.1484375 0,0.1171875 0,0.1171875 -0.0352,1.1132812 h 0.32812 l 0.0703,-0.609375 c 0.0937,-0.6796875 0.16407,-0.7617187 0.66797,-0.7617187 h 2.91797 c -0.43359,0.890625 -0.77344,1.5234375 -1.19531,2.1914062 z m 7.9043,-1.87499999 v 0.8203125 c 0,0.65624999 -0.12891,0.80859374 -0.65625,0.83203124 l -0.67969,0.0351563 v 0.328125 c 1.45313,-0.03515625 1.45313,-0.03515625 1.71094,-0.03515625 0.26953,0 0.26953,0 1.71094,0.03515625 v -0.328125 l -0.51563,-0.0351563 c -0.53906,-0.0351563 -0.65625,-0.17578125 -0.65625,-0.83203124 v -0.8203125 c 0.64453,0 0.86719,0.011719 1.17188,0.046875 v -0.7734375 c -0.50391,0.046875 -0.71485,0.046875 -0.87891,0.035156 h -0.29297 v -1.5234375 c 0,-1.9335937 0.0234,-2.8710937 0.0703,-3.3164062 l -0.1289,-0.058594 -0.8086,0.2929688 -3.08203,5.0507812 0.11719,0.2460938 z m 0,-0.6914063 h -2.34375 l 2.34375,-3.84375 z m 29.24414,2.42578129 v 0.28125 c 2.03906,-0.03515625 2.03906,-0.03515625 2.4375,-0.03515625 0.38672,0 0.38672,0 2.49609,0.03515625 -0.0234,-0.234375 -0.0234,-0.33984375 -0.0234,-0.4921875 0,-0.140625 0,-0.2578125 0.0234,-0.4921875 -1.2539,0.0585938 -1.75781,0.0703125 -3.77343,0.10546875 l 1.98046,-2.09765624 c 1.05469,-1.125 1.38282,-1.7226563 1.38282,-2.5429688 0,-1.2539062 -0.84375,-2.0273437 -2.23828,-2.0273437 -0.78516,0 -1.3125,0.2109375 -1.85157,0.7617187 l -0.1875,1.4765625 h 0.31641 l 0.14062,-0.4921875 c 0.17579,-0.6328125 0.57422,-0.9140625 1.30079,-0.9140625 0.9375,0 1.53515,0.5976563 1.53515,1.5234375 0,0.8085938 -0.45703,1.6171875 -1.6875,2.9296875 z m 6.66211,-6.35156249 c 1.40625,0.035156 2.01562,0.046875 3.32812,0.046875 l 0.0586,-0.046875 c -0.0234,-0.1992188 -0.0234,-0.28125 -0.0234,-0.4335938 0,-0.1523437 0,-0.234375 0.0234,-0.4335937 l -0.0586,-0.046875 c -0.82031,0.035156 -1.3125,0.046875 -1.89843,0.046875 -0.59766,0 -1.07813,-0.011719 -1.89844,-0.046875 l -0.0469,0.046875 c 0,0.6679687 0.0117,1.1484375 0.0117,1.5 0,0.9257812 -0.0234,1.96875 -0.0586,2.4492187 l 0.21094,0.070312 c 0.51562,-0.515625 0.80859,-0.6679687 1.34765,-0.6679687 1.04297,0 1.69922,0.7382812 1.69922,1.921875 0,1.20703124 -0.6914,1.92187499 -1.88672,1.92187499 -0.58593,0 -1.13672,-0.19921875 -1.28906,-0.48046875 l -0.50391,-0.90234374 -0.25781,0.1523437 c 0.25781,0.63281254 0.38672,0.97265629 0.53906,1.45312504 0.30469,0.1640625 0.73829,0.26953125 1.20704,0.26953125 0.72656,0 1.51171,-0.31640625 2.10937,-0.84375 0.66797,-0.58593749 1.00781,-1.33593749 1.00781,-2.14453129 0,-1.2304687 -0.8789,-2.0976562 -2.12109,-2.0976562 -0.52734,0 -0.91406,0.140625 -1.59375,0.5390625 z m 4.79883,0.5390625 h 0.11718 l 1.40625,-0.6328125 c 0.0117,-0.011719 0.0234,-0.011719 0.0352,-0.011719 0.0586,0 0.082,0.1054688 0.082,0.3632813 v 5.296875 c 0,0.56249999 -0.11719,0.67968749 -0.70312,0.71484374 l -0.6211,0.0351563 v 0.328125 c 1.6875,-0.03515625 1.6875,-0.03515625 1.80469,-0.03515625 0.14063,0 0.38672,0 0.75,0.01171875 0.12891,0.01171875 0.51563,0.01171875 0.96094,0.0234375 v -0.328125 l -0.5625,-0.0351563 c -0.59766,-0.0351563 -0.71485,-0.15234375 -0.71485,-0.71484374 v -6.46875 l -0.15234,-0.058594 c -0.70312,0.375 -1.47656,0.6914063 -2.47266,1.0429688 z m 4.90136,5.81249999 v 0.28125 c 2.03907,-0.03515625 2.03907,-0.03515625 2.4375,-0.03515625 0.38672,0 0.38672,0 2.4961,0.03515625 -0.0234,-0.234375 -0.0234,-0.33984375 -0.0234,-0.4921875 0,-0.140625 0,-0.2578125 0.0234,-0.4921875 -1.25391,0.0585938 -1.75781,0.0703125 -3.77344,0.10546875 l 1.98047,-2.09765624 c 1.05469,-1.125 1.38281,-1.7226563 1.38281,-2.5429688 0,-1.2539062 -0.84375,-2.0273437 -2.23828,-2.0273437 -0.78516,0 -1.3125,0.2109375 -1.85156,0.7617187 l -0.1875,1.4765625 h 0.3164 l 0.14063,-0.4921875 c 0.17578,-0.6328125 0.57422,-0.9140625 1.30078,-0.9140625 0.9375,0 1.53516,0.5976563 1.53516,1.5234375 0,0.8085938 -0.45703,1.6171875 -1.6875,2.9296875 z m 39.66211,-5.81249999 h 0.11719 l 1.40625,-0.6328125 c 0.0117,-0.011719 0.0234,-0.011719 0.0352,-0.011719 0.0586,0 0.082,0.1054688 0.082,0.3632813 v 5.296875 c 0,0.56249999 -0.11719,0.67968749 -0.70313,0.71484374 l -0.62109,0.0351563 v 0.328125 c 1.6875,-0.03515625 1.6875,-0.03515625 1.80469,-0.03515625 0.14062,0 0.38672,0 0.75,0.01171875 0.1289,0.01171875 0.51562,0.01171875 0.96093,0.0234375 v -0.328125 l -0.5625,-0.0351563 c -0.59765,-0.0351563 -0.71484,-0.15234375 -0.71484,-0.71484374 v -6.46875 l -0.15234,-0.058594 c -0.70313,0.375 -1.47657,0.6914063 -2.47266,1.0429688 z m 5.45215,0 h 0.11719 l 1.40625,-0.6328125 c 0.0117,-0.011719 0.0234,-0.011719 0.0352,-0.011719 0.0586,0 0.082,0.1054688 0.082,0.3632813 v 5.296875 c 0,0.56249999 -0.11719,0.67968749 -0.70313,0.71484374 l -0.62109,0.0351563 v 0.328125 c 1.6875,-0.03515625 1.6875,-0.03515625 1.80469,-0.03515625 0.14062,0 0.38671,0 0.75,0.01171875 0.1289,0.01171875 0.51562,0.01171875 0.96093,0.0234375 v -0.328125 l -0.5625,-0.0351563 c -0.59765,-0.0351563 -0.71484,-0.15234375 -0.71484,-0.71484374 v -6.46875 l -0.15234,-0.058594 c -0.70313,0.375 -1.47657,0.6914063 -2.47266,1.0429688 z m 4.9043,5.81249999 v 0.28125 c 2.03906,-0.03515625 2.03906,-0.03515625 2.4375,-0.03515625 0.38672,0 0.38672,0 2.49609,0.03515625 -0.0234,-0.234375 -0.0234,-0.33984375 -0.0234,-0.4921875 0,-0.140625 0,-0.2578125 0.0234,-0.4921875 -1.2539,0.0585938 -1.75781,0.0703125 -3.77344,0.10546875 l 1.98047,-2.09765624 c 1.05469,-1.125 1.38282,-1.7226563 1.38282,-2.5429688 0,-1.2539062 -0.84375,-2.0273437 -2.23829,-2.0273437 -0.78515,0 -1.3125,0.2109375 -1.85156,0.7617187 l -0.1875,1.4765625 h 0.31641 l 0.14062,-0.4921875 c 0.17578,-0.6328125 0.57422,-0.9140625 1.30078,-0.9140625 0.9375,0 1.53516,0.5976563 1.53516,1.5234375 0,0.8085938 -0.45703,1.6171875 -1.6875,2.9296875 z m 8.33789,-1.73437499 v 0.8203125 c 0,0.65624999 -0.12891,0.80859374 -0.65625,0.83203124 l -0.67969,0.0351563 v 0.328125 c 1.45313,-0.03515625 1.45313,-0.03515625 1.71094,-0.03515625 0.26953,0 0.26953,0 1.71094,0.03515625 v -0.328125 l -0.51563,-0.0351563 c -0.53906,-0.0351563 -0.65625,-0.17578125 -0.65625,-0.83203124 v -0.8203125 c 0.64453,0 0.86719,0.011719 1.17188,0.046875 v -0.7734375 c -0.50391,0.046875 -0.71485,0.046875 -0.87891,0.035156 h -0.29297 v -1.5234375 c 0,-1.9335937 0.0234,-2.8710937 0.0703,-3.3164062 l -0.1289,-0.058594 -0.8086,0.2929688 -3.08203,5.0507812 0.11719,0.2460938 z m 0,-0.6914063 h -2.34375 l 2.34375,-3.84375 z m 5.26758,-4.8398437 c -1.6875,0 -2.55469,1.3359375 -2.55469,3.9726562 0,1.2773438 0.23437,2.3789063 0.60937,2.91796879 0.38672,0.5390625 0.9961,0.84375 1.67579,0.84375 1.64062,0 2.47265,-1.41796879 2.47265,-4.21874999 0,-2.390625 -0.71484,-3.515625 -2.20312,-3.515625 z m -0.19922,0.375 c 1.05469,0 1.48828,1.0664062 1.48828,3.6914062 0,2.3203125 -0.42188,3.28125004 -1.41797,3.28125004 -1.06641,0 -1.51172,-1.10156254 -1.51172,-3.76171874 0,-2.3085938 0.41016,-3.2109375 1.44141,-3.2109375 z m 20.9209,1.078125 h 0.11718 l 1.40625,-0.6328125 c 0.0117,-0.011719 0.0234,-0.011719 0.0352,-0.011719 0.0586,0 0.082,0.1054688 0.082,0.3632813 v 5.296875 c 0,0.56249999 -0.11719,0.67968749 -0.70312,0.71484374 l -0.6211,0.0351563 v 0.328125 c 1.6875,-0.03515625 1.6875,-0.03515625 1.80469,-0.03515625 0.14063,0 0.38672,0 0.75,0.01171875 0.12891,0.01171875 0.51563,0.01171875 0.96094,0.0234375 v -0.328125 l -0.5625,-0.0351563 c -0.59766,-0.0351563 -0.71485,-0.15234375 -0.71485,-0.71484374 v -6.46875 l -0.15234,-0.058594 c -0.70312,0.375 -1.47656,0.6914063 -2.47266,1.0429688 z m 4.90429,5.81249999 v 0.28125 c 2.03907,-0.03515625 2.03907,-0.03515625 2.4375,-0.03515625 0.38672,0 0.38672,0 2.4961,0.03515625 -0.0234,-0.234375 -0.0234,-0.33984375 -0.0234,-0.4921875 0,-0.140625 0,-0.2578125 0.0234,-0.4921875 -1.25391,0.0585938 -1.75781,0.0703125 -3.77344,0.10546875 l 1.98047,-2.09765624 c 1.05469,-1.125 1.38281,-1.7226563 1.38281,-2.5429688 0,-1.2539062 -0.84375,-2.0273437 -2.23828,-2.0273437 -0.78516,0 -1.3125,0.2109375 -1.85156,0.7617187 l -0.1875,1.4765625 h 0.3164 l 0.14063,-0.4921875 c 0.17578,-0.6328125 0.57422,-0.9140625 1.30078,-0.9140625 0.9375,0 1.53516,0.5976563 1.53516,1.5234375 0,0.8085938 -0.45703,1.6171875 -1.6875,2.9296875 z m 8.14746,-7.26562499 c -1.6875,0 -2.55468,1.3359375 -2.55468,3.9726562 0,1.2773438 0.23437,2.3789063 0.60937,2.91796879 0.38672,0.5390625 0.9961,0.84375 1.67578,0.84375 1.64063,0 2.47266,-1.41796879 2.47266,-4.21874999 0,-2.390625 -0.71484,-3.515625 -2.20313,-3.515625 z m -0.19921,0.375 c 1.05468,0 1.48828,1.0664062 1.48828,3.6914062 0,2.3203125 -0.42188,3.28125004 -1.41797,3.28125004 -1.06641,0 -1.51172,-1.10156254 -1.51172,-3.76171874 0,-2.3085938 0.41016,-3.2109375 1.44141,-3.2109375 z m 4.16601,0.5390625 c 1.40625,0.035156 2.01563,0.046875 3.32813,0.046875 l 0.0586,-0.046875 c -0.0234,-0.1992188 -0.0234,-0.28125 -0.0234,-0.4335938 0,-0.1523437 0,-0.234375 0.0234,-0.4335937 l -0.0586,-0.046875 c -0.82032,0.035156 -1.3125,0.046875 -1.89844,0.046875 -0.59766,0 -1.07813,-0.011719 -1.89844,-0.046875 l -0.0469,0.046875 c 0,0.6679687 0.0117,1.1484375 0.0117,1.5 0,0.9257812 -0.0234,1.96875 -0.0586,2.4492187 l 0.21094,0.070312 c 0.51562,-0.515625 0.80859,-0.6679687 1.34766,-0.6679687 1.04296,0 1.69921,0.7382812 1.69921,1.921875 0,1.20703124 -0.6914,1.92187499 -1.88671,1.92187499 -0.58594,0 -1.13672,-0.19921875 -1.28907,-0.48046875 l -0.5039,-0.90234374 -0.25782,0.1523437 c 0.25782,0.63281254 0.38672,0.97265629 0.53907,1.45312504 0.30468,0.1640625 0.73828,0.26953125 1.20703,0.26953125 0.72656,0 1.51172,-0.31640625 2.10937,-0.84375 0.66797,-0.58593749 1.00782,-1.33593749 1.00782,-2.14453129 0,-1.2304687 -0.87891,-2.0976562 -2.1211,-2.0976562 -0.52734,0 -0.91406,0.140625 -1.59375,0.5390625 z m 5.11524,6.82031249 c 1.21875,-0.3984375 1.73437,-0.64453125 2.33203,-1.1484375 1.05468,-0.90234379 1.60547,-2.15624999 1.60547,-3.62109379 0,-1.8515625 -0.87891,-2.9648437 -2.32032,-2.9648437 -1.39453,0 -2.4375,1.0898437 -2.4375,2.5429687 0,1.2539063 0.8086,2.1796875 1.94532,2.1796875 0.375,0 0.79687,-0.1289062 0.99609,-0.2929687 l 0.76172,-0.6328125 c -0.082,1.8398437 -1.27735,3.17578124 -3.2461,3.65624999 v 0.09375 z m 1.57031,-7.38281249 c 0.49219,0 0.85547,0.2109375 1.10156,0.6445312 0.1875,0.3515625 0.31641,0.890625 0.31641,1.3710938 0,1.0078125 -0.57422,1.6875 -1.41797,1.6875 -0.86719,0 -1.45313,-0.7734375 -1.45313,-1.9101563 0,-1.1015625 0.5625,-1.7929687 1.45313,-1.7929687 z m 0,0"
         style="fill:#000000;fill-opacity:1;fill-rule:nonzero;stroke:none" />
    </g>
    <path
       id="path64"
       d="M -274,241.19499 H 167.36932"
       style="fill:none;stroke:#000000;stroke-width:0.530667;stroke-linecap:butt;stroke-linejoin:miter;stroke-miterlimit:10;stroke-dasharray:none;stroke-opacity:1" />
    <g
       id="g64"
       aria-label="Unidadesenstock9322"
       transform="matrix(1.3333333,0,0,1.3333333,-266.02934,252.61899)">
      <path
         id="path65"
         d="m 6.7270625,-5.4154141 c 0,-0.8671875 0.023437,-0.9257812 0.4804688,-0.9726562 l 0.3632812,-0.023437 v -0.375 l -1.1367187,0.035156 c -0.1054688,0 -0.2695313,0 -1.1484375,-0.035156 v 0.375 l 0.375,0.023437 c 0.4453125,0.046875 0.4804687,0.1054687 0.4804687,0.9726562 v 2.4023438 c 0,1.0546875 -0.1289062,1.5820312 -0.46875,1.9335937 -0.28125,0.29296879 -0.75,0.43359379 -1.40625,0.43359379 -0.6914062,0 -1.1367187,-0.1640625 -1.40625,-0.49218749 C 2.6020625,-1.4544766 2.5083125,-1.9232266 2.5083125,-2.9427578 v -2.4726563 c 0,-0.8671875 0.035156,-0.9257812 0.4804688,-0.9726562 l 0.3632812,-0.023437 v -0.375 c -1.2070312,0.035156 -1.2070312,0.035156 -1.546875,0.035156 -0.3398437,0 -0.3515625,0 -1.546875,-0.035156 v 0.375 l 0.375,0.023437 c 0.4453125,0.046875 0.46875,0.1054687 0.46875,0.9726562 v 3.65625 c 0,1.18359379 1.078125,1.92187504 2.7890625,1.92187504 1.9101563,0 2.8359375,-0.8671875 2.8359375,-2.66015624 z m 1.2568359,1.5117188 0.4570313,0.023437 c 0.2226562,0.023437 0.2578125,0.1171875 0.2578125,0.703125 v 2.17968749 c 0,0.5390625 -0.046875,0.62109375 -0.3632813,0.6328125 l -0.3515625,0.0234375 v 0.375 l 1.2890625,-0.03515625 c 0.1992188,0 0.6796875,0.01171875 1.3476561,0.03515625 v -0.375 l -0.351562,-0.0234375 c -0.3046878,-0.0117188 -0.3632816,-0.09375 -0.3632816,-0.6328125 V -3.1536953 c 0,-0.3515625 0.4101566,-0.6796875 0.8554686,-0.6796875 0.65625,0 0.9375,0.3398437 0.9375,1.1367187 v 2.73046879 c 0.5625,-0.0234375 0.738281,-0.03515625 0.890625,-0.03515625 0.140625,0 0.140625,0 1.007813,0.03515625 v -0.375 l -0.328125,-0.0234375 c -0.304688,-0.0117188 -0.363282,-0.09375 -0.363282,-0.6328125 V -2.8490078 c 0,-0.7734375 -0.08203,-1.1484375 -0.339843,-1.4296875 -0.269532,-0.2695313 -0.667969,-0.4101563 -1.160157,-0.4101563 -0.304687,0 -0.539062,0.058594 -0.703125,0.1875 l -0.7968746,0.609375 v -0.7382812 l -0.058594,-0.058594 c -1.03125,0.3398438 -1.3125,0.3984375 -1.8632813,0.421875 z m 8.0097656,-0.7851563 -0.691406,0.2109375 c -0.316406,0.1054688 -0.5625,0.140625 -0.972656,0.1875 -0.03516,0 -0.08203,0.011719 -0.152344,0.023437 v 0.3632813 l 0.445312,0.023437 c 0.234375,0.023437 0.257813,0.1171875 0.257813,0.703125 v 2.17968749 c 0,0.5390625 -0.04687,0.62109375 -0.351563,0.6328125 l -0.351562,0.0234375 v 0.375 l 1.289062,-0.03515625 c 0.199219,0 0.667969,0.01171875 1.335938,0.03515625 v -0.375 l -0.339844,-0.0234375 c -0.316406,-0.0117188 -0.363281,-0.09375 -0.363281,-0.6328125 V -4.6302578 Z m -0.527344,-2.34375 c -0.433593,0 -0.761718,0.3164063 -0.761718,0.7382813 0,0.4101562 0.328125,0.75 0.75,0.75 0.410156,0 0.738281,-0.3398438 0.738281,-0.7382813 0,-0.4101562 -0.328125,-0.75 -0.726563,-0.75 z m 6.75293,-0.082031 -0.08203,-0.058594 -0.714844,0.2226563 c -0.292969,0.082031 -0.632812,0.140625 -1.207031,0.2109375 v 0.3515625 l 0.527344,0.035156 c 0.222656,0.011719 0.257812,0.1054688 0.257812,0.6914063 v 1.21875 l -0.199219,-0.082031 c -0.28125,-0.1054687 -0.550781,-0.1640625 -0.796875,-0.1640625 -0.316406,0 -0.609375,0.082031 -0.878906,0.2578125 l -0.714844,0.46875 c -0.5625,0.375 -0.832031,0.9375 -0.832031,1.8046875 0,1.41796879 0.738281,2.32031254 1.898438,2.32031254 0.234375,0 0.386718,-0.0351563 0.492187,-0.1171875 l 1.03125,-0.84375 -0.04687,0.75 0.04687,0.08203125 c 0.597656,-0.0234375 0.785156,-0.03515625 0.902344,-0.03515625 0.07031,0 0.257812,0.01171875 0.539062,0.0234375 0.05859,0 0.257813,0 0.457032,0.01171875 v -0.375 l -0.328125,-0.0234375 c -0.304688,-0.0117188 -0.351563,-0.09375 -0.351563,-0.6328125 z m -1.21875,5.5195312 c 0,0.4453125 -0.46875,0.82031254 -1.019531,0.82031254 -0.703125,0 -1.148438,-0.69140624 -1.148438,-1.76953124 0,-1.0078125 0.351563,-1.5117188 1.054688,-1.5117188 0.421875,0 0.785156,0.1992188 1.113281,0.6328125 z m 5.217773,0.92578129 -0.04687,0.62109375 0.04687,0.08203125 c 0.621094,-0.0234375 0.785157,-0.03515625 0.914063,-0.03515625 0.117187,0 0.269531,0.01171875 0.867187,0.03515625 v -0.375 l -0.292968,-0.0234375 c -0.222657,-0.046875 -0.269532,-0.140625 -0.28125,-0.609375 V -1.1849453 c -0.01172,-0.3164063 -0.02344,-0.5976563 -0.02344,-0.84375 0,-0.2695313 0.01172,-0.5859375 0.02344,-0.9609375 0.01172,-0.1289063 0.01172,-0.2226563 0.01172,-0.2929688 0,-0.8789062 -0.597656,-1.40625 -1.605468,-1.40625 -0.421875,0 -0.832032,0.1054688 -1.195313,0.3398438 L 24.1089,-4.0326016 v 0.6796875 l 0.292969,0.070312 0.222656,-0.4921875 c 0.03516,-0.070312 0.316407,-0.140625 0.574219,-0.140625 0.667969,0 0.996094,0.3632813 1.019531,1.171875 l -0.878906,0.1875 c -1.253906,0.2578125 -1.699219,0.6445313 -1.699219,1.4882813 0,0.80859374 0.410157,1.23046874 1.160157,1.23046874 0.222656,0 0.398437,-0.0351563 0.492187,-0.1171875 z m 0,-0.48046879 c -0.1875,0.25781254 -0.550781,0.44531254 -0.855468,0.44531254 -0.316407,0 -0.503907,-0.234375 -0.503907,-0.62109374 0,-0.4921875 0.210938,-0.6914063 0.914063,-0.8789063 l 0.445312,-0.1171875 z m 7.069336,-5.9648437 -0.08203,-0.058594 -0.714844,0.2226563 c -0.292968,0.082031 -0.632812,0.140625 -1.207031,0.2109375 v 0.3515625 l 0.527344,0.035156 c 0.222656,0.011719 0.257812,0.1054688 0.257812,0.6914063 v 1.21875 l -0.199218,-0.082031 c -0.28125,-0.1054687 -0.550782,-0.1640625 -0.796875,-0.1640625 -0.316407,0 -0.609375,0.082031 -0.878907,0.2578125 l -0.714843,0.46875 c -0.5625,0.375 -0.832032,0.9375 -0.832032,1.8046875 0,1.41796879 0.738282,2.32031254 1.898438,2.32031254 0.234375,0 0.386719,-0.0351563 0.492187,-0.1171875 l 1.03125,-0.84375 -0.04687,0.75 0.04687,0.08203125 c 0.597657,-0.0234375 0.785157,-0.03515625 0.902344,-0.03515625 0.07031,0 0.257813,0.01171875 0.539063,0.0234375 0.05859,0 0.257812,0 0.457031,0.01171875 v -0.375 l -0.328125,-0.0234375 c -0.304688,-0.0117188 -0.351563,-0.09375 -0.351563,-0.6328125 z m -1.21875,5.5195312 c 0,0.4453125 -0.46875,0.82031254 -1.019531,0.82031254 -0.703125,0 -1.148437,-0.69140624 -1.148437,-1.76953124 0,-1.0078125 0.351562,-1.5117188 1.054687,-1.5117188 0.421875,0 0.785156,0.1992188 1.113281,0.6328125 z m 6.834961,-1.3476562 c 0,-1.0664063 -0.75,-1.7460938 -1.886718,-1.7460938 -0.351563,0 -0.609375,0.070312 -0.878907,0.2226563 l -0.46875,0.28125 c -0.65625,0.3867187 -0.9375,0.984375 -0.9375,1.9335937 0,1.58203129 0.796875,2.41406254 2.273438,2.41406254 0.574219,0 0.9375,-0.09375 1.582031,-0.421875 l 0.210938,-0.48046875 -0.117188,-0.15234375 c -0.46875,0.2578125 -0.761719,0.3515625 -1.160156,0.3515625 -0.515625,0 -1.007813,-0.28125 -1.253906,-0.70312504 -0.164063,-0.28125 -0.222657,-0.515625 -0.246094,-0.984375 h 1.3125 c 0.5625,0 1.007812,-0.058594 1.570312,-0.1992187 z m -2.097656,0.2226562 h -0.04687 c -0.05859,0 -0.328125,-0.011719 -0.480469,-0.023437 l -0.316406,-0.011719 c 0.03516,-0.984375 0.269531,-1.3828125 0.84375,-1.3828125 0.574219,0 0.808594,0.3984375 0.832031,1.3828125 z m 6.09668,-0.5273437 0.08203,-1.21875 c -0.398437,-0.1640625 -0.703125,-0.2226563 -1.230469,-0.2226563 -1.347656,0 -2.074218,0.5390625 -2.074218,1.5351563 0,0.65625 0.363281,1.0664062 1.054687,1.2421875 l 0.855469,0.2109375 c 0.457031,0.1054687 0.632812,0.2695312 0.632812,0.6210937 0,0.46875004 -0.363281,0.77343754 -0.914062,0.77343754 -0.46875,0 -0.796875,-0.15234375 -1.113281,-0.52734375 L 40.137219,-1.5130703 H 39.7505 l -0.07031,1.40624999 c 0.574218,0.19921875 1.019531,0.26953125 1.546875,0.26953125 1.253906,0 2.097656,-0.6796875 2.097656,-1.71093754 0,-0.7148437 -0.363281,-1.078125 -1.265625,-1.2773437 l -0.808594,-0.1875 c -0.398437,-0.082031 -0.550781,-0.2460938 -0.550781,-0.5507813 0,-0.3984375 0.339844,-0.65625 0.878906,-0.65625 0.398438,0 0.832031,0.1992188 0.867188,0.3984375 l 0.09375,0.5742188 z m 7.898437,0.3046875 c 0,-1.0664063 -0.75,-1.7460938 -1.886718,-1.7460938 -0.351563,0 -0.609375,0.070312 -0.878907,0.2226563 l -0.46875,0.28125 c -0.65625,0.3867187 -0.9375,0.984375 -0.9375,1.9335937 0,1.58203129 0.796875,2.41406254 2.273438,2.41406254 0.574219,0 0.9375,-0.09375 1.582031,-0.421875 l 0.210938,-0.48046875 -0.117188,-0.15234375 c -0.46875,0.2578125 -0.761719,0.3515625 -1.160156,0.3515625 -0.515625,0 -1.007813,-0.28125 -1.253906,-0.70312504 -0.164063,-0.28125 -0.222657,-0.515625 -0.246094,-0.984375 h 1.3125 c 0.5625,0 1.007812,-0.058594 1.570312,-0.1992187 z m -2.097656,0.2226562 h -0.04687 c -0.05859,0 -0.328125,-0.011719 -0.480469,-0.023437 l -0.316406,-0.011719 c 0.03516,-0.984375 0.269531,-1.3828125 0.84375,-1.3828125 0.574219,0 0.808594,0.3984375 0.832031,1.3828125 z m 2.71875,-1.1835937 0.457031,0.023437 c 0.222657,0.023437 0.257813,0.1171875 0.257813,0.703125 v 2.17968749 c 0,0.5390625 -0.04687,0.62109375 -0.363281,0.6328125 l -0.351563,0.0234375 v 0.375 l 1.289063,-0.03515625 c 0.199218,0 0.679687,0.01171875 1.347656,0.03515625 v -0.375 l -0.351563,-0.0234375 c -0.304687,-0.0117188 -0.363281,-0.09375 -0.363281,-0.6328125 V -3.1536953 c 0,-0.3515625 0.410156,-0.6796875 0.855469,-0.6796875 0.65625,0 0.9375,0.3398437 0.9375,1.1367187 v 2.73046879 c 0.5625,-0.0234375 0.738281,-0.03515625 0.890625,-0.03515625 0.140625,0 0.140625,0 1.007812,0.03515625 v -0.375 l -0.328125,-0.0234375 c -0.304687,-0.0117188 -0.363281,-0.09375 -0.363281,-0.6328125 V -2.8490078 c 0,-0.7734375 -0.08203,-1.1484375 -0.339844,-1.4296875 -0.269531,-0.2695313 -0.667968,-0.4101563 -1.160156,-0.4101563 -0.304687,0 -0.539062,0.058594 -0.703125,0.1875 l -0.796875,0.609375 v -0.7382812 l -0.05859,-0.058594 c -1.03125,0.3398438 -1.3125,0.3984375 -1.863281,0.421875 z m 11.953125,0.65625 0.08203,-1.21875 c -0.398437,-0.1640625 -0.703125,-0.2226563 -1.230468,-0.2226563 -1.347657,0 -2.074219,0.5390625 -2.074219,1.5351563 0,0.65625 0.363281,1.0664062 1.054687,1.2421875 l 0.85547,0.2109373 c 0.457031,0.1054687 0.632813,0.2695312 0.632813,0.6210937 0,0.46875004 -0.363282,0.77343754 -0.914063,0.77343754 -0.46875,0 -0.796875,-0.15234375 -1.113281,-0.52734375 L 60.609879,-1.5130703 H 60.22316 l -0.07031,1.40624999 c 0.574219,0.19921875 1.019531,0.26953125 1.546875,0.26953125 1.253906,0 2.097656,-0.6796875 2.097656,-1.71093754 0,-0.7148437 -0.363281,-1.078125 -1.265625,-1.2773437 l -0.808594,-0.1875 c -0.398437,-0.082031 -0.550781,-0.2460938 -0.550781,-0.5507813 0,-0.3984375 0.339844,-0.65625 0.878906,-0.65625 0.398438,0 0.832032,0.1992188 0.867188,0.3984375 l 0.09375,0.5742188 z m 4.037109,2.64843749 -0.07031,-0.1875 c -0.199219,0.09375 -0.304688,0.12890625 -0.457031,0.12890625 -0.46875,0 -0.621094,-0.1640625 -0.621094,-0.64453124 v -2.3789063 h 1.054687 l 0.08203,-0.6445312 -1.136719,0.058594 v -0.5742187 c 0,-0.5273438 0.02344,-0.8554688 0.117187,-1.359375 l -0.140625,-0.09375 c -0.398437,0.1875 -0.703125,0.3046875 -1.21875,0.4921875 0.03516,0.515625 0.04687,0.7148437 0.04687,0.9140625 v 0.5976562 l -0.65625,0.4335938 v 0.2226562 l 0.632813,-0.046875 v 2.578125 c 0,0.89062504 0.375,1.26562504 1.242187,1.26562504 0.304688,0 0.550782,-0.0585938 0.644532,-0.17578125 z m 2.953125,-4.08984379 c -1.582031,0 -2.460937,0.8671875 -2.460937,2.4609375 0,1.52343754 0.820312,2.39062504 2.261719,2.39062504 1.59375,0 2.484375,-0.90234375 2.484375,-2.51953124 0,-1.5117188 -0.808594,-2.3320313 -2.285157,-2.3320313 z m -0.117187,0.46875 c 0.714844,0 1.054687,0.7148438 1.054687,2.1796875 0,1.20703129 -0.28125,1.73437504 -0.960937,1.73437504 -0.714844,0 -1.078125,-0.72656254 -1.078125,-2.16796874 0,-1.2070313 0.292969,-1.7460938 0.984375,-1.7460938 z m 6.688476,1.265625 c 0.05859,-0.6445312 0.105469,-0.9726562 0.199219,-1.40625 l -0.07031,-0.1289062 c -0.46875,-0.1640625 -0.667969,-0.1992188 -1.03125,-0.1992188 -0.375,0 -0.65625,0.070312 -0.890625,0.1992188 l -0.527344,0.3164062 c -0.878906,0.5273438 -1.207031,1.0195313 -1.207031,1.8867188 0,1.58203124 0.796875,2.44921874 2.214843,2.44921874 0.503907,0 0.867188,-0.08203125 1.335938,-0.328125 l 0.210937,-0.46875 -0.09375,-0.09375 c -0.339843,0.140625 -0.550781,0.1875 -0.84375,0.1875 -0.972656,0 -1.582031,-0.78515624 -1.582031,-2.05078124 0,-0.9023438 0.339844,-1.3945313 0.972656,-1.3945313 0.445313,0 0.84375,0.1992188 0.878907,0.4335938 l 0.07031,0.5976562 z m 2.666016,-4.21875 -0.714844,0.2226563 c -0.292968,0.082031 -0.632812,0.140625 -1.207031,0.2109375 v 0.3515625 l 0.527344,0.035156 c 0.222656,0.011719 0.257812,0.1054688 0.257812,0.6914063 v 4.66406249 c 0,0.5390625 -0.04687,0.62109375 -0.363281,0.6328125 l -0.339844,0.0234375 v 0.375 l 1.277344,-0.03515625 c 0.199219,0 0.679688,0.01171875 1.347656,0.03515625 v -0.375 l -0.351562,-0.0234375 c -0.304688,-0.0117188 -0.351563,-0.09375 -0.351563,-0.6328125 V -2.2513516 h 0.09375 l 1.054688,1.1953125 c 0.152344,0.16406254 0.726562,0.86718754 0.867187,1.05468754 h 1.710938 v -0.33984375 c -0.199219,-0.0234375 -0.363281,-0.1171875 -0.539063,-0.31640625 l -1.957031,-2.19140624 0.08203,-0.082031 c 0.292969,-0.2929687 0.585938,-0.5625 0.691407,-0.6328125 l 0.621093,-0.4570312 c 0.164063,-0.1171875 0.328125,-0.1757813 0.480469,-0.1757813 h 0.304688 v -0.375 h -1.289063 l -1.066406,1.125 c -0.234375,0.234375 -0.503906,0.4921875 -1.054688,0.9609375 v -4.6289062 z m 0,0"
         style="fill:#000000;fill-opacity:1;fill-rule:nonzero;stroke:none" />
      <path
         id="path66"
         d="m 160.55909,0.22130469 c 1.21875,-0.3984375 1.73438,-0.64453125 2.33204,-1.1484375 1.05468,-0.90234379 1.60546,-2.15624999 1.60546,-3.62109379 0,-1.8515625 -0.8789,-2.9648437 -2.32031,-2.9648437 -1.39453,0 -2.4375,1.0898437 -2.4375,2.5429687 0,1.2539063 0.8086,2.1796875 1.94531,2.1796875 0.375,0 0.79688,-0.1289062 0.9961,-0.2929687 l 0.76172,-0.6328125 c -0.082,1.8398437 -1.27735,3.17578124 -3.2461,3.65624999 v 0.09375 z m 1.57032,-7.38281249 c 0.49218,0 0.85547,0.2109375 1.10156,0.6445312 0.1875,0.3515625 0.31641,0.890625 0.31641,1.3710938 0,1.0078125 -0.57422,1.6875 -1.41797,1.6875 -0.86719,0 -1.45313,-0.7734375 -1.45313,-1.9101563 0,-1.1015625 0.5625,-1.7929687 1.45313,-1.7929687 z m 46.34765,1.7226562 h 0.33985 l 0.19922,-0.609375 c 0.11718,-0.3632812 0.80859,-0.7382812 1.37109,-0.7382812 0.70312,0 1.28906,0.5742187 1.28906,1.265625 0,0.8203125 -0.64453,1.5 -1.41797,1.5 -0.0937,0 -0.21093,-0.011719 -0.35156,-0.011719 l -0.16406,-0.011719 -0.12891,0.5742187 0.0703,0.070312 c 0.42188,-0.1875 0.6211,-0.2460937 0.92579,-0.2460937 0.90234,0 1.42968,0.5742187 1.42968,1.5703125 0,1.11328124 -0.66797,1.83984374 -1.6875,1.83984374 -0.5039,0 -0.94922,-0.1640625 -1.27734,-0.46875 -0.25781,-0.234375 -0.39844,-0.48046874 -0.60938,-1.07812504 l -0.29296,0.1171875 c 0.23437,0.65625 0.3164,1.05468754 0.38671,1.59375004 0.57422,0.19921875 1.05469,0.29296875 1.45313,0.29296875 0.87891,0 1.875,-0.4921875 2.48437,-1.23046879 0.36329,-0.4453125 0.55079,-0.9257812 0.55079,-1.4414062 0,-0.515625 -0.21094,-0.9726563 -0.60938,-1.2539063 -0.26953,-0.1875 -0.52734,-0.28125 -1.06641,-0.375 0.86719,-0.6796875 1.19532,-1.1835937 1.19532,-1.828125 0,-0.9726562 -0.8086,-1.6054687 -2.01563,-1.6054687 -0.73828,0 -1.23047,0.1992187 -1.75781,0.7265625 z m 60.63281,5.19140629 v 0.28125 c 2.03907,-0.03515625 2.03907,-0.03515625 2.4375,-0.03515625 0.38672,0 0.38672,0 2.4961,0.03515625 -0.0234,-0.234375 -0.0234,-0.33984375 -0.0234,-0.4921875 0,-0.140625 0,-0.2578125 0.0234,-0.4921875 -1.25391,0.0585938 -1.75781,0.0703125 -3.77344,0.10546875 l 1.98047,-2.09765624 c 1.05469,-1.125 1.38281,-1.7226563 1.38281,-2.5429688 0,-1.2539062 -0.84375,-2.0273437 -2.23828,-2.0273437 -0.78516,0 -1.3125,0.2109375 -1.85156,0.7617187 l -0.1875,1.4765625 h 0.3164 l 0.14063,-0.4921875 c 0.17578,-0.6328125 0.57422,-0.9140625 1.30078,-0.9140625 0.9375,0 1.53516,0.5976563 1.53516,1.5234375 0,0.8085938 -0.45703,1.6171875 -1.6875,2.9296875 z m 44.6836,0 v 0.28125 c 2.03906,-0.03515625 2.03906,-0.03515625 2.4375,-0.03515625 0.38672,0 0.38672,0 2.49609,0.03515625 -0.0234,-0.234375 -0.0234,-0.33984375 -0.0234,-0.4921875 0,-0.140625 0,-0.2578125 0.0234,-0.4921875 -1.2539,0.0585938 -1.75781,0.0703125 -3.77344,0.10546875 l 1.98047,-2.09765624 c 1.05469,-1.125 1.38282,-1.7226563 1.38282,-2.5429688 0,-1.2539062 -0.84375,-2.0273437 -2.23829,-2.0273437 -0.78515,0 -1.3125,0.2109375 -1.85156,0.7617187 l -0.1875,1.4765625 h 0.31641 l 0.14062,-0.4921875 c 0.17578,-0.6328125 0.57422,-0.9140625 1.30078,-0.9140625 0.9375,0 1.53516,0.5976563 1.53516,1.5234375 0,0.8085938 -0.45703,1.6171875 -1.6875,2.9296875 z m 0,0"
         style="fill:#000000;fill-opacity:1;fill-rule:nonzero;stroke:none" />
    </g>
    <path
       id="path67"
       d="M -274,257.66566 H 167.36932"
       style="fill:none;stroke:#000000;stroke-width:0.530667;stroke-linecap:butt;stroke-linejoin:miter;stroke-miterlimit:10;stroke-dasharray:none;stroke-opacity:1" />
    <g
       id="g67"
       aria-label="Costesdestock90063208226"
       transform="matrix(1.3333333,0,0,1.3333333,-266.02934,269.08966)">
      <path
         id="path68"
         d="m 6.891125,-0.86704687 -0.1171875,-0.1171875 c -0.6445312,0.33984375 -1.2890625,0.50390625 -1.9453125,0.50390625 -1.734375,0 -2.8945312,-1.23046878 -2.8945312,-3.11718748 0,-1.7109375 0.9726562,-2.765625 2.5546875,-2.765625 0.7382812,0 1.2304687,0.1875 1.7695312,0.6796875 l 0.046875,0.8671875 h 0.3867188 c 0.1171875,-0.9609375 0.140625,-1.1484375 0.234375,-1.5234375 l -0.058594,-0.1171875 c -0.9140625,-0.3515625 -1.4648437,-0.46875 -2.3320312,-0.46875 -2.5195313,0 -4.10156255,1.3359375 -4.10156255,3.46875 0,2.2265625 1.53515625,3.62109373 3.99609375,3.62109373 0.9140625,0 1.5117188,-0.12890625 2.25,-0.5390625 z m 3.161133,-3.82031253 c -1.5820314,0 -2.4609377,0.8671875 -2.4609377,2.4609375 0,1.52343753 0.8203125,2.39062503 2.2617188,2.39062503 1.5937499,0 2.4843749,-0.90234375 2.4843749,-2.51953123 0,-1.5117188 -0.808594,-2.3320313 -2.285156,-2.3320313 z m -0.1171877,0.46875 c 0.7148437,0 1.0546877,0.7148438 1.0546877,2.1796875 0,1.20703128 -0.28125,1.73437503 -0.960938,1.73437503 -0.7148434,0 -1.0781247,-0.72656253 -1.0781247,-2.16796873 0,-1.2070313 0.2929688,-1.7460938 0.984375,-1.7460938 z m 6.4072267,0.9726563 0.08203,-1.21875 c -0.398437,-0.1640625 -0.703125,-0.2226563 -1.230469,-0.2226563 -1.347656,0 -2.074218,0.5390625 -2.074218,1.5351563 0,0.65625 0.363281,1.0664062 1.054687,1.2421875 l 0.855469,0.2109375 c 0.457031,0.1054687 0.632812,0.2695312 0.632812,0.6210937 0,0.46875003 -0.363281,0.77343753 -0.914062,0.77343753 -0.46875,0 -0.796875,-0.15234375 -1.113281,-0.52734375 l -0.05859,-0.67968748 h -0.386719 l -0.07031,1.40624998 c 0.574218,0.19921875 1.019531,0.26953125 1.546875,0.26953125 1.253906,0 2.097656,-0.6796875 2.097656,-1.71093753 0,-0.7148437 -0.363281,-1.078125 -1.265625,-1.2773437 l -0.808594,-0.1875 c -0.398437,-0.082031 -0.550781,-0.2460938 -0.550781,-0.5507813 0,-0.3984375 0.339844,-0.65625 0.878906,-0.65625 0.398438,0 0.832031,0.1992188 0.867188,0.3984375 l 0.09375,0.5742188 z m 4.037109,2.64843748 -0.07031,-0.1875 c -0.199219,0.09375 -0.304688,0.12890625 -0.457031,0.12890625 -0.46875,0 -0.621094,-0.1640625 -0.621094,-0.64453123 v -2.3789063 h 1.054687 l 0.08203,-0.6445312 -1.136719,0.058594 v -0.5742187 c 0,-0.5273438 0.02344,-0.8554688 0.117187,-1.359375 l -0.140625,-0.09375 c -0.398437,0.1875 -0.703125,0.3046875 -1.21875,0.4921875 0.03516,0.515625 0.04687,0.7148437 0.04687,0.9140625 v 0.5976562 l -0.65625,0.4335938 v 0.2226562 l 0.632813,-0.046875 v 2.578125 c 0,0.89062503 0.375,1.26562503 1.242187,1.26562503 0.304688,0 0.550782,-0.0585938 0.644532,-0.17578125 z m 4.6875,-2.34374998 c 0,-1.0664063 -0.75,-1.7460938 -1.886718,-1.7460938 -0.351563,0 -0.609375,0.070312 -0.878907,0.2226563 l -0.46875,0.28125 c -0.65625,0.3867187 -0.9375,0.984375 -0.9375,1.9335937 0,1.58203128 0.796875,2.41406253 2.273438,2.41406253 0.574219,0 0.9375,-0.09375 1.582031,-0.421875 l 0.210938,-0.48046875 -0.117188,-0.15234375 c -0.46875,0.2578125 -0.761719,0.3515625 -1.160156,0.3515625 -0.515625,0 -1.007813,-0.28125 -1.253906,-0.70312503 -0.164063,-0.28125 -0.222657,-0.515625 -0.246094,-0.984375 h 1.3125 c 0.5625,0 1.007812,-0.058594 1.570312,-0.1992187 z m -2.097656,0.2226562 h -0.04687 c -0.05859,0 -0.328125,-0.011719 -0.480469,-0.023437 L 22.1255,-2.7537656 c 0.03516,-0.984375 0.269531,-1.3828125 0.84375,-1.3828125 0.574219,0 0.808594,0.3984375 0.832031,1.3828125 z m 6.09375,-0.5273437 0.08203,-1.21875 c -0.398437,-0.1640625 -0.703125,-0.2226563 -1.230468,-0.2226563 -1.347657,0 -2.074219,0.5390625 -2.074219,1.5351563 0,0.65625 0.363281,1.0664062 1.054687,1.2421875 l 0.855469,0.2109375 c 0.457031,0.1054687 0.632813,0.2695312 0.632813,0.6210937 0,0.46875003 -0.363282,0.77343753 -0.914063,0.77343753 -0.46875,0 -0.796875,-0.15234375 -1.113281,-0.52734375 l -0.05859,-0.67968748 h -0.386719 l -0.07031,1.40624998 c 0.574219,0.19921875 1.019531,0.26953125 1.546875,0.26953125 1.253906,0 2.097656,-0.6796875 2.097656,-1.71093753 0,-0.7148437 -0.363281,-1.078125 -1.265625,-1.2773437 l -0.808594,-0.1875 c -0.398437,-0.082031 -0.550781,-0.2460938 -0.550781,-0.5507813 0,-0.3984375 0.339844,-0.65625 0.878906,-0.65625 0.398438,0 0.832032,0.1992188 0.867188,0.3984375 l 0.09375,0.5742188 z m 8.367188,-3.8671875 -0.08203,-0.058594 -0.714843,0.2226563 c -0.292969,0.082031 -0.632813,0.140625 -1.207032,0.2109375 v 0.3515625 l 0.527344,0.035156 c 0.222656,0.011719 0.257813,0.1054688 0.257813,0.6914063 v 1.21875 l -0.199219,-0.082031 c -0.28125,-0.1054687 -0.550781,-0.1640625 -0.796875,-0.1640625 -0.316406,0 -0.609375,0.082031 -0.878906,0.2578125 l -0.714844,0.46875 c -0.5625,0.375 -0.832031,0.9375 -0.832031,1.8046875 0,1.41796878 0.738281,2.32031253 1.898437,2.32031253 0.234375,0 0.386719,-0.0351563 0.492188,-0.1171875 l 1.03125,-0.84375 -0.04687,0.75 0.04687,0.08203125 c 0.597656,-0.0234375 0.785156,-0.035156255 0.902343,-0.035156255 0.07031,0 0.257813,0.011718755 0.539063,0.023437505 0.05859,0 0.257812,0 0.457031,0.01171875 v -0.375 l -0.328125,-0.0234375 c -0.304687,-0.0117188 -0.351562,-0.09375 -0.351562,-0.6328125 z m -1.21875,5.5195312 c 0,0.4453125 -0.46875,0.82031253 -1.019532,0.82031253 -0.703125,0 -1.148437,-0.69140623 -1.148437,-1.76953123 0,-1.0078125 0.351562,-1.5117188 1.054687,-1.5117188 0.421875,0 0.785157,0.1992188 1.113282,0.6328125 z m 6.83789,-1.3476562 c 0,-1.0664063 -0.75,-1.7460938 -1.886719,-1.7460938 -0.351562,0 -0.609375,0.070312 -0.878906,0.2226563 l -0.46875,0.28125 c -0.65625,0.3867187 -0.9375,0.984375 -0.9375,1.9335937 0,1.58203128 0.796875,2.41406253 2.273438,2.41406253 0.574218,0 0.9375,-0.09375 1.582031,-0.421875 l 0.210937,-0.48046875 -0.117187,-0.15234375 c -0.46875,0.2578125 -0.761719,0.3515625 -1.160156,0.3515625 -0.515625,0 -1.007813,-0.28125 -1.253907,-0.70312503 -0.164062,-0.28125 -0.222656,-0.515625 -0.246093,-0.984375 h 1.3125 c 0.5625,0 1.007812,-0.058594 1.570312,-0.1992187 z m -2.097656,0.2226562 h -0.04687 c -0.05859,0 -0.328125,-0.011719 -0.480469,-0.023437 l -0.316406,-0.011719 c 0.03516,-0.984375 0.269531,-1.3828125 0.84375,-1.3828125 0.574219,0 0.808594,0.3984375 0.832031,1.3828125 z m 8.583984,-0.5273437 0.08203,-1.21875 c -0.398438,-0.1640625 -0.703125,-0.2226563 -1.230469,-0.2226563 -1.347656,0 -2.074219,0.5390625 -2.074219,1.5351563 0,0.65625 0.363281,1.0664062 1.054688,1.2421875 l 0.855468,0.2109375 c 0.457032,0.1054687 0.632813,0.2695312 0.632813,0.6210937 0,0.46875003 -0.363281,0.77343753 -0.914063,0.77343753 -0.46875,0 -0.796875,-0.15234375 -1.113281,-0.52734375 L 46.770031,-1.5115781 H 46.383313 L 46.313,-0.10532812 c 0.574219,0.19921875 1.019531,0.26953125 1.546875,0.26953125 1.253906,0 2.097656,-0.6796875 2.097656,-1.71093753 0,-0.7148437 -0.363281,-1.078125 -1.265625,-1.2773437 l -0.808593,-0.1875 c -0.398438,-0.082031 -0.550782,-0.2460938 -0.550782,-0.5507813 0,-0.3984375 0.339844,-0.65625 0.878907,-0.65625 0.398437,0 0.832031,0.1992188 0.867187,0.3984375 l 0.09375,0.5742188 z m 4.03711,2.64843748 -0.07031,-0.1875 c -0.199219,0.09375 -0.304687,0.12890625 -0.457031,0.12890625 -0.46875,0 -0.621094,-0.1640625 -0.621094,-0.64453123 v -2.3789063 h 1.054688 l 0.08203,-0.6445312 -1.136719,0.058594 v -0.5742187 c 0,-0.5273438 0.02344,-0.8554688 0.117188,-1.359375 l -0.140625,-0.09375 c -0.398438,0.1875 -0.703125,0.3046875 -1.21875,0.4921875 0.03516,0.515625 0.04687,0.7148437 0.04687,0.9140625 v 0.5976562 l -0.65625,0.4335938 v 0.2226562 l 0.632812,-0.046875 v 2.578125 c 0,0.89062503 0.375,1.26562503 1.242188,1.26562503 0.304687,0 0.550781,-0.0585938 0.644531,-0.17578125 z M 56.52882,-4.6873594 c -1.582031,0 -2.460937,0.8671875 -2.460937,2.4609375 0,1.52343753 0.820312,2.39062503 2.261719,2.39062503 1.59375,0 2.484375,-0.90234375 2.484375,-2.51953123 0,-1.5117188 -0.808594,-2.3320313 -2.285157,-2.3320313 z m -0.117187,0.46875 c 0.714844,0 1.054687,0.7148438 1.054687,2.1796875 0,1.20703128 -0.28125,1.73437503 -0.960937,1.73437503 -0.714844,0 -1.078125,-0.72656253 -1.078125,-2.16796873 0,-1.2070313 0.292969,-1.7460938 0.984375,-1.7460938 z m 6.685547,1.265625 c 0.05859,-0.6445312 0.105468,-0.9726562 0.199218,-1.40625 l -0.07031,-0.1289062 c -0.46875,-0.1640625 -0.667969,-0.1992188 -1.03125,-0.1992188 -0.375,0 -0.65625,0.070312 -0.890625,0.1992188 l -0.527344,0.3164062 c -0.878906,0.5273438 -1.207031,1.0195313 -1.207031,1.8867188 0,1.58203123 0.796875,2.44921873 2.214844,2.44921873 0.503906,0 0.867187,-0.08203125 1.335937,-0.328125 l 0.210938,-0.46875 -0.09375,-0.09375 c -0.339844,0.140625 -0.550782,0.1875 -0.84375,0.1875 -0.972657,0 -1.582032,-0.78515623 -1.582032,-2.05078123 0,-0.9023438 0.339844,-1.3945313 0.972657,-1.3945313 0.445312,0 0.84375,0.1992188 0.878906,0.4335938 l 0.07031,0.5976562 z m 2.666015,-4.21875 -0.714843,0.2226563 c -0.292969,0.082031 -0.632813,0.140625 -1.207032,0.2109375 v 0.3515625 l 0.527344,0.035156 c 0.222656,0.011719 0.257813,0.1054688 0.257813,0.6914063 v 4.66406248 c 0,0.5390625 -0.04687,0.62109375 -0.363282,0.6328125 l -0.339843,0.0234375 v 0.375 L 65.200695,1.40625e-4 c 0.199219,0 0.679688,0.011718755 1.347657,0.035156255 v -0.375 l -0.351563,-0.0234375 c -0.304687,-0.0117188 -0.351562,-0.09375 -0.351562,-0.6328125 V -2.2498594 h 0.09375 l 1.054687,1.1953125 c 0.152344,0.16406253 0.726563,0.86718753 0.867188,1.054687525 h 1.710937 V -0.33970312 c -0.199219,-0.0234375 -0.363281,-0.1171875 -0.539062,-0.31640625 l -1.957032,-2.19140623 0.08203,-0.082031 c 0.292968,-0.2929687 0.585937,-0.5625 0.691406,-0.6328125 l 0.621094,-0.4570312 c 0.164062,-0.1171875 0.328125,-0.1757813 0.480468,-0.1757813 h 0.304688 v -0.375 H 67.96632 l -1.066406,1.125 c -0.234375,0.234375 -0.503906,0.4921875 -1.054687,0.9609375 v -4.6289062 z m 0,0"
         style="fill:#000000;fill-opacity:1;fill-rule:nonzero;stroke:none" />
      <path
         id="path69"
         d="m 149.64894,0.22279688 c 1.21875,-0.3984375 1.73437,-0.64453125 2.33203,-1.1484375 1.05469,-0.90234378 1.60547,-2.15624998 1.60547,-3.62109378 0,-1.8515625 -0.87891,-2.9648437 -2.32031,-2.9648437 -1.39454,0 -2.4375,1.0898437 -2.4375,2.5429687 0,1.2539063 0.80859,2.1796875 1.94531,2.1796875 0.375,0 0.79687,-0.1289062 0.99609,-0.2929687 l 0.76172,-0.6328125 c -0.082,1.8398437 -1.27734,3.17578123 -3.24609,3.65624998 v 0.09375 z m 1.57031,-7.38281248 c 0.49219,0 0.85547,0.2109375 1.10156,0.6445312 0.1875,0.3515625 0.31641,0.890625 0.31641,1.3710938 0,1.0078125 -0.57422,1.6875 -1.41797,1.6875 -0.86719,0 -1.45312,-0.7734375 -1.45312,-1.9101563 0,-1.1015625 0.5625,-1.7929687 1.45312,-1.7929687 z m 5.71289,-0.3515625 c -1.6875,0 -2.55469,1.3359375 -2.55469,3.9726562 0,1.2773438 0.23438,2.3789063 0.60938,2.91796878 0.38672,0.5390625 0.99609,0.84375 1.67578,0.84375 1.64062,0 2.47266,-1.41796878 2.47266,-4.21874998 0,-2.390625 -0.71485,-3.515625 -2.20313,-3.515625 z m -0.19922,0.375 c 1.05469,0 1.48828,1.0664062 1.48828,3.6914062 0,2.3203125 -0.42187,3.28125003 -1.41797,3.28125003 -1.0664,0 -1.51171,-1.10156253 -1.51171,-3.76171873 0,-2.3085938 0.41015,-3.2109375 1.4414,-3.2109375 z m 5.6543,-0.375 c -1.6875,0 -2.55469,1.3359375 -2.55469,3.9726562 0,1.2773438 0.23438,2.3789063 0.60938,2.91796878 0.38672,0.5390625 0.99609,0.84375 1.67578,0.84375 1.64062,0 2.47265,-1.41796878 2.47265,-4.21874998 0,-2.390625 -0.71484,-3.515625 -2.20312,-3.515625 z m -0.19922,0.375 c 1.05469,0 1.48828,1.0664062 1.48828,3.6914062 0,2.3203125 -0.42187,3.28125003 -1.41797,3.28125003 -1.0664,0 -1.51172,-1.10156253 -1.51172,-3.76171873 0,-2.3085938 0.41016,-3.2109375 1.44141,-3.2109375 z m 44.90039,-0.1992188 -0.39844,-0.1757812 c -1.05468,0.3398437 -1.5,0.5625 -2.05078,1.0429687 -1.125,0.9492188 -1.73437,2.2734375 -1.73437,3.7734375 0,1.80468753 0.86718,2.91796878 2.27343,2.91796878 1.41797,0 2.48438,-1.125 2.48438,-2.61328128 0,-1.2539062 -0.76172,-2.0742187 -1.91016,-2.0742187 -0.55078,0 -0.8789,0.140625 -1.52343,0.65625 -0.11719,0.09375 -0.12891,0.1054687 -0.2461,0.1992187 0.23438,-1.9804687 1.14844,-3.046875 3.10547,-3.6328125 z m -1.75781,3.5273438 c 0.83203,0 1.39453,0.7265625 1.39453,1.8046875 0,1.13671873 -0.5625,1.86328123 -1.40625,1.86328123 -0.92578,0 -1.41797,-0.796875 -1.41797,-2.26171873 0,-0.375 0.0352,-0.5859375 0.15234,-0.7734375 0.2461,-0.375 0.76172,-0.6328125 1.27735,-0.6328125 z m 3.14648,-1.6289063 h 0.33985 l 0.19922,-0.609375 c 0.11718,-0.3632812 0.80859,-0.7382812 1.37109,-0.7382812 0.70312,0 1.28906,0.5742187 1.28906,1.265625 0,0.8203125 -0.64453,1.5 -1.41797,1.5 -0.0937,0 -0.21093,-0.011719 -0.35156,-0.011719 l -0.16406,-0.011719 -0.12891,0.5742187 0.0703,0.070312 c 0.42188,-0.1875 0.6211,-0.2460937 0.92579,-0.2460937 0.90234,0 1.42968,0.5742187 1.42968,1.5703125 0,1.11328123 -0.66797,1.83984373 -1.6875,1.83984373 -0.5039,0 -0.94922,-0.1640625 -1.27734,-0.46875 -0.25781,-0.234375 -0.39844,-0.48046873 -0.60938,-1.07812503 l -0.29296,0.1171875 c 0.23437,0.65625 0.3164,1.05468753 0.38671,1.59375003 0.57422,0.19921875 1.05469,0.29296875 1.45313,0.29296875 0.87891,0 1.875,-0.4921875 2.48437,-1.23046878 0.36329,-0.4453125 0.55079,-0.9257812 0.55079,-1.4414062 0,-0.515625 -0.21094,-0.9726563 -0.60938,-1.2539063 -0.26953,-0.1875 -0.52734,-0.28125 -1.06641,-0.375 0.86719,-0.6796875 1.19532,-1.1835937 1.19532,-1.828125 0,-0.9726562 -0.8086,-1.6054687 -2.01563,-1.6054687 -0.73828,0 -1.23047,0.1992187 -1.75781,0.7265625 z m 49.72266,5.19140628 v 0.28125 c 2.03906,-0.035156255 2.03906,-0.035156255 2.4375,-0.035156255 0.38672,0 0.38672,0 2.49609,0.035156255 -0.0234,-0.234375 -0.0234,-0.33984375 -0.0234,-0.4921875 0,-0.140625 0,-0.2578125 0.0234,-0.4921875 -1.2539,0.0585938 -1.75781,0.0703125 -3.77344,0.10546875 l 1.98047,-2.09765623 c 1.05469,-1.125 1.38282,-1.7226563 1.38282,-2.5429688 0,-1.2539062 -0.84375,-2.0273437 -2.23829,-2.0273437 -0.78515,0 -1.3125,0.2109375 -1.85156,0.7617187 l -0.1875,1.4765625 h 0.31641 l 0.14062,-0.4921875 c 0.17578,-0.6328125 0.57422,-0.9140625 1.30078,-0.9140625 0.9375,0 1.53516,0.5976563 1.53516,1.5234375 0,0.8085938 -0.45703,1.6171875 -1.6875,2.9296875 z m 8.15039,-7.26562498 c -1.6875,0 -2.55469,1.3359375 -2.55469,3.9726562 0,1.2773438 0.23438,2.3789063 0.60938,2.91796878 0.38672,0.5390625 0.99609,0.84375 1.67578,0.84375 1.64062,0 2.47265,-1.41796878 2.47265,-4.21874998 0,-2.390625 -0.71484,-3.515625 -2.20312,-3.515625 z m -0.19922,0.375 c 1.05469,0 1.48828,1.0664062 1.48828,3.6914062 0,2.3203125 -0.42187,3.28125003 -1.41797,3.28125003 -1.0664,0 -1.51172,-1.10156253 -1.51172,-3.76171873 0,-2.3085938 0.41016,-3.2109375 1.44141,-3.2109375 z m 4.61133,3.375 c -0.44531,0.1992187 -0.63281,0.328125 -0.86719,0.5507812 -0.41016,0.421875 -0.63281,0.9140625 -0.63281,1.4765625 0,1.12500003 0.90234,1.95703128 2.13281,1.95703128 1.41797,0 2.60156,-1.11328125 2.60156,-2.47265628 0,-0.8671875 -0.39843,-1.3359375 -1.65234,-1.9101562 0.99609,-0.6679688 1.34766,-1.1367188 1.34766,-1.78125 0,-0.9375 -0.77344,-1.5703125 -1.9336,-1.5703125 -1.30078,0 -2.25,0.8203125 -2.25,1.96875 0,0.7382812 0.29297,1.1601562 1.25391,1.78125 z m 1.26562,0.5390625 c 0.69141,0.3046875 1.10157,0.84375 1.10157,1.4296875 0,0.92578123 -0.67969,1.64062498 -1.57032,1.64062498 -0.92578,0 -1.52343,-0.65625 -1.52343,-1.66406248 0,-0.796875 0.3164,-1.3007813 1.125,-1.7929688 z m -0.65625,-1.3945313 c -0.6914,-0.3398437 -1.04297,-0.7734375 -1.04297,-1.3125 0,-0.7265625 0.52735,-1.21875 1.30079,-1.21875 0.79687,0 1.32421,0.5273438 1.32421,1.3242188 0,0.6210937 -0.28125,1.0429687 -0.98437,1.5 z m 31.51172,4.37109378 v 0.28125 c 2.03906,-0.035156255 2.03906,-0.035156255 2.4375,-0.035156255 0.38672,0 0.38672,0 2.4961,0.035156255 -0.0234,-0.234375 -0.0234,-0.33984375 -0.0234,-0.4921875 0,-0.140625 0,-0.2578125 0.0234,-0.4921875 -1.25391,0.0585938 -1.75782,0.0703125 -3.77344,0.10546875 l 1.98047,-2.09765623 c 1.05468,-1.125 1.38281,-1.7226563 1.38281,-2.5429688 0,-1.2539062 -0.84375,-2.0273437 -2.23828,-2.0273437 -0.78516,0 -1.3125,0.2109375 -1.85156,0.7617187 l -0.1875,1.4765625 h 0.3164 l 0.14063,-0.4921875 c 0.17578,-0.6328125 0.57422,-0.9140625 1.30078,-0.9140625 0.9375,0 1.53515,0.5976563 1.53515,1.5234375 0,0.8085938 -0.45703,1.6171875 -1.6875,2.9296875 z m 5.45508,0 v 0.28125 c 2.03906,-0.035156255 2.03906,-0.035156255 2.4375,-0.035156255 0.38672,0 0.38672,0 2.49609,0.035156255 -0.0234,-0.234375 -0.0234,-0.33984375 -0.0234,-0.4921875 0,-0.140625 0,-0.2578125 0.0234,-0.4921875 -1.2539,0.0585938 -1.75781,0.0703125 -3.77343,0.10546875 l 1.98047,-2.09765623 c 1.05468,-1.125 1.38281,-1.7226563 1.38281,-2.5429688 0,-1.2539062 -0.84375,-2.0273437 -2.23828,-2.0273437 -0.78516,0 -1.3125,0.2109375 -1.85157,0.7617187 l -0.1875,1.4765625 h 0.31641 l 0.14063,-0.4921875 c 0.17578,-0.6328125 0.57421,-0.9140625 1.30078,-0.9140625 0.9375,0 1.53515,0.5976563 1.53515,1.5234375 0,0.8085938 -0.45703,1.6171875 -1.6875,2.9296875 z m 9.81445,-7.08984378 -0.39843,-0.1757812 c -1.05469,0.3398437 -1.5,0.5625 -2.05079,1.0429687 -1.125,0.9492188 -1.73437,2.2734375 -1.73437,3.7734375 0,1.80468753 0.86719,2.91796878 2.27344,2.91796878 1.41797,0 2.48437,-1.125 2.48437,-2.61328128 0,-1.2539062 -0.76172,-2.0742187 -1.91015,-2.0742187 -0.55079,0 -0.87891,0.140625 -1.52344,0.65625 -0.11719,0.09375 -0.12891,0.1054687 -0.2461,0.1992187 0.23438,-1.9804687 1.14844,-3.046875 3.10547,-3.6328125 z m -1.75781,3.5273438 c 0.83203,0 1.39453,0.7265625 1.39453,1.8046875 0,1.13671873 -0.5625,1.86328123 -1.40625,1.86328123 -0.92578,0 -1.41797,-0.796875 -1.41797,-2.26171873 0,-0.375 0.0352,-0.5859375 0.15235,-0.7734375 0.24609,-0.375 0.76172,-0.6328125 1.27734,-0.6328125 z m 0,0"
         style="fill:#000000;fill-opacity:1;fill-rule:nonzero;stroke:none" />
    </g>
    <path
       id="path70"
       d="M -274,274.13766 H 167.36932"
       style="fill:none;stroke:#000000;stroke-width:0.530667;stroke-linecap:butt;stroke-linejoin:miter;stroke-miterlimit:10;stroke-dasharray:none;stroke-opacity:1" />
    <g
       id="g70"
       aria-label="Costesdenoservicio0000"
       transform="matrix(1.3333333,0,0,1.3333333,-266.02934,285.56166)">
      <path
         id="path71"
         d="m 6.891125,-0.86655469 -0.1171875,-0.1171875 c -0.6445312,0.33984375 -1.2890625,0.50390625 -1.9453125,0.50390625 -1.734375,0 -2.8945312,-1.23046876 -2.8945312,-3.11718746 0,-1.7109375 0.9726562,-2.765625 2.5546875,-2.765625 0.7382812,0 1.2304687,0.1875 1.7695312,0.6796875 l 0.046875,0.8671875 h 0.3867188 c 0.1171875,-0.9609375 0.140625,-1.1484375 0.234375,-1.5234375 l -0.058594,-0.1171875 c -0.9140625,-0.3515625 -1.4648437,-0.46875 -2.3320312,-0.46875 -2.5195313,0 -4.10156255,1.3359375 -4.10156255,3.46875 0,2.2265625 1.53515625,3.62109371 3.99609375,3.62109371 0.9140625,0 1.5117188,-0.12890625 2.25,-0.5390625 z m 3.161133,-3.82031251 c -1.5820314,0 -2.4609377,0.8671875 -2.4609377,2.4609375 0,1.52343751 0.8203125,2.39062501 2.2617188,2.39062501 1.5937499,0 2.4843749,-0.90234375 2.4843749,-2.51953121 0,-1.5117188 -0.808594,-2.3320313 -2.285156,-2.3320313 z m -0.1171877,0.46875 c 0.7148437,0 1.0546877,0.7148438 1.0546877,2.1796875 0,1.20703126 -0.28125,1.73437501 -0.960938,1.73437501 -0.7148434,0 -1.0781247,-0.72656251 -1.0781247,-2.16796871 0,-1.2070313 0.2929688,-1.7460938 0.984375,-1.7460938 z m 6.4072267,0.9726563 0.08203,-1.21875 c -0.398437,-0.1640625 -0.703125,-0.2226563 -1.230469,-0.2226563 -1.347656,0 -2.074218,0.5390625 -2.074218,1.5351563 0,0.65625 0.363281,1.0664062 1.054687,1.2421875 l 0.855469,0.2109375 c 0.457031,0.1054687 0.632812,0.2695312 0.632812,0.6210937 0,0.46875001 -0.363281,0.77343751 -0.914062,0.77343751 -0.46875,0 -0.796875,-0.15234375 -1.113281,-0.52734375 l -0.05859,-0.67968746 h -0.386719 l -0.07031,1.40624996 c 0.574218,0.19921875 1.019531,0.26953125 1.546875,0.26953125 1.253906,0 2.097656,-0.6796875 2.097656,-1.71093751 0,-0.7148437 -0.363281,-1.078125 -1.265625,-1.2773437 l -0.808594,-0.1875 c -0.398437,-0.082031 -0.550781,-0.2460938 -0.550781,-0.5507813 0,-0.3984375 0.339844,-0.65625 0.878906,-0.65625 0.398438,0 0.832031,0.1992188 0.867188,0.3984375 l 0.09375,0.5742188 z m 4.037109,2.64843746 -0.07031,-0.1875 c -0.199219,0.09375 -0.304688,0.12890625 -0.457031,0.12890625 -0.46875,0 -0.621094,-0.1640625 -0.621094,-0.64453121 v -2.3789063 h 1.054687 l 0.08203,-0.6445312 -1.136719,0.058594 v -0.5742187 c 0,-0.5273438 0.02344,-0.8554688 0.117187,-1.359375 l -0.140625,-0.09375 c -0.398437,0.1875 -0.703125,0.3046875 -1.21875,0.4921875 0.03516,0.515625 0.04687,0.7148437 0.04687,0.9140625 v 0.5976562 l -0.65625,0.4335938 v 0.2226562 l 0.632813,-0.046875 v 2.578125 c 0,0.89062501 0.375,1.26562501 1.242187,1.26562501 0.304688,0 0.550782,-0.0585938 0.644532,-0.17578125 z m 4.6875,-2.34374996 c 0,-1.0664063 -0.75,-1.7460938 -1.886718,-1.7460938 -0.351563,0 -0.609375,0.070312 -0.878907,0.2226563 l -0.46875,0.28125 c -0.65625,0.3867187 -0.9375,0.984375 -0.9375,1.9335937 0,1.58203126 0.796875,2.41406251 2.273438,2.41406251 0.574219,0 0.9375,-0.09375 1.582031,-0.421875 l 0.210938,-0.48046875 -0.117188,-0.15234375 c -0.46875,0.2578125 -0.761719,0.3515625 -1.160156,0.3515625 -0.515625,0 -1.007813,-0.28125 -1.253906,-0.70312501 -0.164063,-0.28125 -0.222657,-0.515625 -0.246094,-0.984375 h 1.3125 c 0.5625,0 1.007812,-0.058594 1.570312,-0.1992187 z m -2.097656,0.2226562 h -0.04687 c -0.05859,0 -0.328125,-0.011719 -0.480469,-0.023437 L 22.1255,-2.7532734 c 0.03516,-0.984375 0.269531,-1.3828125 0.84375,-1.3828125 0.574219,0 0.808594,0.3984375 0.832031,1.3828125 z m 6.09375,-0.5273437 0.08203,-1.21875 c -0.398437,-0.1640625 -0.703125,-0.2226563 -1.230468,-0.2226563 -1.347657,0 -2.074219,0.5390625 -2.074219,1.5351563 0,0.65625 0.363281,1.0664062 1.054687,1.2421875 l 0.855469,0.2109375 c 0.457031,0.1054687 0.632813,0.2695312 0.632813,0.6210937 0,0.46875001 -0.363282,0.77343751 -0.914063,0.77343751 -0.46875,0 -0.796875,-0.15234375 -1.113281,-0.52734375 l -0.05859,-0.67968746 h -0.386719 l -0.07031,1.40624996 c 0.574219,0.19921875 1.019531,0.26953125 1.546875,0.26953125 1.253906,0 2.097656,-0.6796875 2.097656,-1.71093751 0,-0.7148437 -0.363281,-1.078125 -1.265625,-1.2773437 l -0.808594,-0.1875 c -0.398437,-0.082031 -0.550781,-0.2460938 -0.550781,-0.5507813 0,-0.3984375 0.339844,-0.65625 0.878906,-0.65625 0.398438,0 0.832032,0.1992188 0.867188,0.3984375 l 0.09375,0.5742188 z m 8.367188,-3.8671875 -0.08203,-0.058594 -0.714843,0.2226563 c -0.292969,0.082031 -0.632813,0.140625 -1.207032,0.2109375 v 0.3515625 l 0.527344,0.035156 c 0.222656,0.011719 0.257813,0.1054688 0.257813,0.6914063 v 1.21875 l -0.199219,-0.082031 c -0.28125,-0.1054687 -0.550781,-0.1640625 -0.796875,-0.1640625 -0.316406,0 -0.609375,0.082031 -0.878906,0.2578125 l -0.714844,0.46875 c -0.5625,0.375 -0.832031,0.9375 -0.832031,1.8046875 0,1.41796876 0.738281,2.32031251 1.898437,2.32031251 0.234375,0 0.386719,-0.0351563 0.492188,-0.1171875 l 1.03125,-0.84375 -0.04687,0.75 0.04687,0.08203125 c 0.597656,-0.0234375 0.785156,-0.0351562475 0.902343,-0.0351562475 0.07031,0 0.257813,0.0117187475 0.539063,0.0234374975 0.05859,0 0.257812,0 0.457031,0.01171875 v -0.375 l -0.328125,-0.0234375 c -0.304687,-0.0117188 -0.351562,-0.09375 -0.351562,-0.6328125 z m -1.21875,5.5195312 c 0,0.4453125 -0.46875,0.82031251 -1.019532,0.82031251 -0.703125,0 -1.148437,-0.69140621 -1.148437,-1.76953121 0,-1.0078125 0.351562,-1.5117188 1.054687,-1.5117188 0.421875,0 0.785157,0.1992188 1.113282,0.6328125 z m 6.83789,-1.3476562 c 0,-1.0664063 -0.75,-1.7460938 -1.886719,-1.7460938 -0.351562,0 -0.609375,0.070312 -0.878906,0.2226563 l -0.46875,0.28125 c -0.65625,0.3867187 -0.9375,0.984375 -0.9375,1.9335937 0,1.58203126 0.796875,2.41406251 2.273438,2.41406251 0.574218,0 0.9375,-0.09375 1.582031,-0.421875 l 0.210937,-0.48046875 -0.117187,-0.15234375 c -0.46875,0.2578125 -0.761719,0.3515625 -1.160156,0.3515625 -0.515625,0 -1.007813,-0.28125 -1.253907,-0.70312501 -0.164062,-0.28125 -0.222656,-0.515625 -0.246093,-0.984375 h 1.3125 c 0.5625,0 1.007812,-0.058594 1.570312,-0.1992187 z m -2.097656,0.2226562 h -0.04687 c -0.05859,0 -0.328125,-0.011719 -0.480469,-0.023437 l -0.316406,-0.011719 c 0.03516,-0.984375 0.269531,-1.3828125 0.84375,-1.3828125 0.574219,0 0.808594,0.3984375 0.832031,1.3828125 z m 5.208984,-1.1835937 0.457032,0.023437 c 0.222656,0.023437 0.257812,0.1171875 0.257812,0.703125 v 2.17968746 c 0,0.5390625 -0.04687,0.62109375 -0.363281,0.6328125 l -0.351563,0.0234375 v 0.375 L 47.449719,6.328125e-4 c 0.199219,0 0.679687,0.0117187475 1.347656,0.0351562475 v -0.375 l -0.351562,-0.0234375 c -0.304688,-0.0117188 -0.363282,-0.09375 -0.363282,-0.6328125 V -3.1517109 c 0,-0.3515625 0.410157,-0.6796875 0.855469,-0.6796875 0.65625,0 0.9375,0.3398437 0.9375,1.1367187 v 2.73046876 c 0.5625,-0.0234375 0.738281,-0.0351562475 0.890625,-0.0351562475 0.140625,0 0.140625,0 1.007813,0.0351562475 v -0.375 l -0.328125,-0.0234375 c -0.304688,-0.0117188 -0.363282,-0.09375 -0.363282,-0.6328125 V -2.8470234 c 0,-0.7734375 -0.08203,-1.1484375 -0.339843,-1.4296875 -0.269532,-0.2695313 -0.667969,-0.4101563 -1.160157,-0.4101563 -0.304687,0 -0.539062,0.058594 -0.703125,0.1875 l -0.796875,0.609375 v -0.7382812 l -0.05859,-0.058594 c -1.03125,0.3398438 -1.3125,0.3984375 -1.863282,0.421875 z m 8.712891,-0.7851563 c -1.582031,0 -2.460938,0.8671875 -2.460938,2.4609375 0,1.52343751 0.820313,2.39062501 2.261719,2.39062501 1.59375,0 2.484375,-0.90234375 2.484375,-2.51953121 0,-1.5117188 -0.808594,-2.3320313 -2.285156,-2.3320313 z m -0.117188,0.46875 c 0.714844,0 1.054688,0.7148438 1.054688,2.1796875 0,1.20703126 -0.28125,1.73437501 -0.960938,1.73437501 -0.714843,0 -1.078125,-0.72656251 -1.078125,-2.16796871 0,-1.2070313 0.292969,-1.7460938 0.984375,-1.7460938 z m 8.897461,0.9726563 0.08203,-1.21875 c -0.398438,-0.1640625 -0.703125,-0.2226563 -1.230469,-0.2226563 -1.347656,0 -2.074219,0.5390625 -2.074219,1.5351563 0,0.65625 0.363281,1.0664062 1.054688,1.2421875 l 0.855468,0.2109375 c 0.457032,0.1054687 0.632813,0.2695312 0.632813,0.6210937 0,0.46875001 -0.363281,0.77343751 -0.914063,0.77343751 -0.46875,0 -0.796875,-0.15234375 -1.113281,-0.52734375 l -0.05859,-0.67968746 h -0.386718 l -0.07031,1.40624996 c 0.574219,0.19921875 1.019531,0.26953125 1.546875,0.26953125 1.253906,0 2.097656,-0.6796875 2.097656,-1.71093751 0,-0.7148437 -0.363281,-1.078125 -1.265625,-1.2773437 l -0.808593,-0.1875 C 61.603044,-3.0931169 61.4507,-3.2571797 61.4507,-3.5618672 c 0,-0.3984375 0.339844,-0.65625 0.878907,-0.65625 0.398437,0 0.832031,0.1992188 0.867187,0.3984375 l 0.09375,0.5742188 z m 5.408203,0.3046875 c 0,-1.0664063 -0.75,-1.7460938 -1.886718,-1.7460938 -0.351563,0 -0.609375,0.070312 -0.878907,0.2226563 l -0.46875,0.28125 c -0.65625,0.3867187 -0.9375,0.984375 -0.9375,1.9335937 0,1.58203126 0.796875,2.41406251 2.273438,2.41406251 0.574219,0 0.9375,-0.09375 1.582031,-0.421875 l 0.210938,-0.48046875 -0.117188,-0.15234375 c -0.46875,0.2578125 -0.761719,0.3515625 -1.160156,0.3515625 -0.515625,0 -1.007813,-0.28125 -1.253906,-0.70312501 -0.164063,-0.28125 -0.222657,-0.515625 -0.246094,-0.984375 h 1.3125 c 0.5625,0 1.007812,-0.058594 1.570312,-0.1992187 z m -2.097656,0.2226562 h -0.04687 c -0.05859,0 -0.328125,-0.011719 -0.480469,-0.023437 l -0.316406,-0.011719 c 0.03516,-0.984375 0.269531,-1.3828125 0.84375,-1.3828125 0.574219,0 0.808594,0.3984375 0.832031,1.3828125 z m 4.605469,-1.96875 -0.691406,0.2109375 c -0.328125,0.1054688 -0.503907,0.1289063 -1.125,0.2109375 v 0.3632813 l 0.445312,0.023437 c 0.222656,0.023437 0.257813,0.1171875 0.257813,0.703125 v 2.17968746 c 0,0.5390625 -0.04687,0.62109375 -0.363282,0.6328125 l -0.339843,0.0234375 v 0.375 L 71.030773,6.328125e-4 c 0.128907,0 0.164063,0 1.511719,0.0351562475 v -0.375 l -0.398437,-0.0234375 c -0.421875,-0.0117188 -0.46875,-0.0703125 -0.46875,-0.6328125 V -2.9642109 c 0,-0.3164063 0.398437,-0.6445313 0.796875,-0.6445313 0.246093,0 0.421875,0.1171875 0.5625,0.3632813 l 0.234375,-0.1054688 0.05859,-1.2773437 c -0.105468,-0.046875 -0.234375,-0.058594 -0.375,-0.058594 -0.28125,0 -0.46875,0.1171875 -0.84375,0.5273438 l -0.433593,0.46875 v -0.9375 z m 4.016602,4.72265626 h 0.855468 c 0.164063,-0.45703125 0.257813,-0.703125 0.375,-0.97265625 L 78.09425,-3.8079609 c 0.09375,-0.2109375 0.1875,-0.3046875 0.363281,-0.3398438 l 0.292969,-0.046875 v -0.375 l -0.949219,0.023437 c -0.515625,0 -0.597656,0 -0.972656,-0.023437 v 0.375 l 0.386719,0.023437 c 0.128906,0.011719 0.222656,0.082031 0.222656,0.1640625 0,0.1171875 -0.02344,0.2578125 -0.09375,0.4101563 l -0.597656,1.5 c -0.09375,0.2226562 -0.1875,0.4335937 -0.351563,0.796875 l -0.878906,-2.1914063 c -0.09375,-0.2578125 -0.140625,-0.3984375 -0.140625,-0.515625 0,-0.09375 0.08203,-0.1523437 0.234375,-0.1640625 l 0.410156,-0.023437 v -0.375 l -1.289062,0.023437 c -0.128906,0 -0.292969,0 -1.300781,-0.023437 v 0.375 l 0.257812,0.023437 c 0.164063,0.023437 0.292969,0.1875 0.46875,0.6210938 z m 5.43457,-4.72265626 -0.691406,0.2109375 c -0.316407,0.1054688 -0.5625,0.140625 -0.972657,0.1875 -0.03516,0 -0.08203,0.011719 -0.152343,0.023437 v 0.3632813 l 0.445312,0.023437 c 0.234375,0.023437 0.257813,0.1171875 0.257813,0.703125 v 2.17968746 c 0,0.5390625 -0.04687,0.62109375 -0.351563,0.6328125 l -0.351562,0.0234375 v 0.375 L 80.493664,6.328125e-4 c 0.199219,0 0.667969,0.0117187475 1.335938,0.0351562475 v -0.375 l -0.339844,-0.0234375 c -0.316406,-0.0117188 -0.363281,-0.09375 -0.363281,-0.6328125 V -4.6282734 Z m -0.527344,-2.34375 c -0.433594,0 -0.761719,0.3164063 -0.761719,0.7382813 0,0.4101562 0.328125,0.75 0.75,0.75 0.410157,0 0.738282,-0.3398438 0.738282,-0.7382813 0,-0.4101562 -0.328125,-0.75 -0.726563,-0.75 z m 5.578125,4.078125 c 0.05859,-0.6445312 0.105469,-0.9726562 0.199219,-1.40625 l -0.07031,-0.1289062 c -0.46875,-0.1640625 -0.667968,-0.1992188 -1.03125,-0.1992188 -0.375,0 -0.65625,0.070312 -0.890625,0.1992188 l -0.527343,0.3164062 c -0.878907,0.5273438 -1.207032,1.0195313 -1.207032,1.8867188 0,1.58203121 0.796875,2.44921871 2.214844,2.44921871 0.503906,0 0.867188,-0.08203125 1.335938,-0.328125 l 0.210937,-0.46875 -0.09375,-0.09375 c -0.339844,0.140625 -0.550781,0.1875 -0.84375,0.1875 -0.972656,0 -1.582031,-0.78515621 -1.582031,-2.05078121 0,-0.9023438 0.339844,-1.3945313 0.972656,-1.3945313 0.445313,0 0.84375,0.1992188 0.878906,0.4335938 l 0.07031,0.5976562 z m 2.689453,-1.734375 -0.691406,0.2109375 c -0.316406,0.1054688 -0.5625,0.140625 -0.972656,0.1875 -0.03516,0 -0.08203,0.011719 -0.152344,0.023437 v 0.3632813 l 0.445312,0.023437 c 0.234375,0.023437 0.257813,0.1171875 0.257813,0.703125 v 2.17968746 c 0,0.5390625 -0.04687,0.62109375 -0.351563,0.6328125 l -0.351562,0.0234375 v 0.375 L 88.233898,6.328125e-4 c 0.199219,0 0.667969,0.0117187475 1.335938,0.0351562475 v -0.375 l -0.339844,-0.0234375 c -0.316406,-0.0117188 -0.363281,-0.09375 -0.363281,-0.6328125 V -4.6282734 Z m -0.527344,-2.34375 c -0.433593,0 -0.761718,0.3164063 -0.761718,0.7382813 0,0.4101562 0.328125,0.75 0.75,0.75 0.410156,0 0.738281,-0.3398438 0.738281,-0.7382813 0,-0.4101562 -0.328125,-0.75 -0.726563,-0.75 z m 4.546875,2.34375 c -1.582031,0 -2.460937,0.8671875 -2.460937,2.4609375 0,1.52343751 0.820312,2.39062501 2.261719,2.39062501 1.59375,0 2.484375,-0.90234375 2.484375,-2.51953121 0,-1.5117188 -0.808594,-2.3320313 -2.285157,-2.3320313 z m -0.117187,0.46875 c 0.714844,0 1.054687,0.7148438 1.054687,2.1796875 0,1.20703126 -0.28125,1.73437501 -0.960937,1.73437501 -0.714844,0 -1.078125,-0.72656251 -1.078125,-2.16796871 0,-1.2070313 0.292969,-1.7460938 0.984375,-1.7460938 z m 0,0"
         style="fill:#000000;fill-opacity:1;fill-rule:nonzero;stroke:none" />
      <path
         id="path72"
         d="m 162.38722,-7.5110859 c -1.6875,0 -2.55469,1.3359375 -2.55469,3.9726562 0,1.2773438 0.23438,2.3789063 0.60938,2.91796876 0.38672,0.5390625 0.99609,0.84375 1.67578,0.84375 1.64062,0 2.47265,-1.41796876 2.47265,-4.21874996 0,-2.390625 -0.71484,-3.515625 -2.20312,-3.515625 z m -0.19922,0.375 c 1.05469,0 1.48828,1.0664062 1.48828,3.6914062 0,2.3203125 -0.42187,3.28125001 -1.41797,3.28125001 -1.0664,0 -1.51172,-1.10156251 -1.51172,-3.76171871 0,-2.3085938 0.41016,-3.2109375 1.44141,-3.2109375 z m 48.69141,-0.375 c -1.6875,0 -2.55469,1.3359375 -2.55469,3.9726562 0,1.2773438 0.23437,2.3789063 0.60937,2.91796876 0.38672,0.5390625 0.9961,0.84375 1.67579,0.84375 1.64062,0 2.47265,-1.41796876 2.47265,-4.21874996 0,-2.390625 -0.71484,-3.515625 -2.20312,-3.515625 z m -0.19922,0.375 c 1.05469,0 1.48828,1.0664062 1.48828,3.6914062 0,2.3203125 -0.42188,3.28125001 -1.41797,3.28125001 -1.06641,0 -1.51172,-1.10156251 -1.51172,-3.76171871 0,-2.3085938 0.41016,-3.2109375 1.44141,-3.2109375 z m 61.125,-0.375 c -1.6875,0 -2.55469,1.3359375 -2.55469,3.9726562 0,1.2773438 0.23437,2.3789063 0.60937,2.91796876 0.38672,0.5390625 0.9961,0.84375 1.67579,0.84375 1.64062,0 2.47265,-1.41796876 2.47265,-4.21874996 0,-2.390625 -0.71484,-3.515625 -2.20312,-3.515625 z m -0.19922,0.375 c 1.05469,0 1.48828,1.0664062 1.48828,3.6914062 0,2.3203125 -0.42188,3.28125001 -1.41797,3.28125001 -1.06641,0 -1.51172,-1.10156251 -1.51172,-3.76171871 0,-2.3085938 0.41016,-3.2109375 1.44141,-3.2109375 z m 44.88281,-0.375 c -1.6875,0 -2.55469,1.3359375 -2.55469,3.9726562 0,1.2773438 0.23438,2.3789063 0.60938,2.91796876 0.38672,0.5390625 0.99609,0.84375 1.67578,0.84375 1.64062,0 2.47266,-1.41796876 2.47266,-4.21874996 0,-2.390625 -0.71485,-3.515625 -2.20313,-3.515625 z m -0.19922,0.375 c 1.05469,0 1.48828,1.0664062 1.48828,3.6914062 0,2.3203125 -0.42187,3.28125001 -1.41797,3.28125001 -1.0664,0 -1.51171,-1.10156251 -1.51171,-3.76171871 0,-2.3085938 0.41015,-3.2109375 1.4414,-3.2109375 z m 0,0"
         style="fill:#000000;fill-opacity:1;fill-rule:nonzero;stroke:none" />
    </g>
    <path
       id="path73"
       d="M -274,290.60966 H 167.36932"
       style="fill:none;stroke:#000000;stroke-width:0.530667;stroke-linecap:butt;stroke-linejoin:miter;stroke-miterlimit:10;stroke-dasharray:none;stroke-opacity:1" />
    <g
       id="g73"
       aria-label="Ingresos960002000075000108000"
       transform="matrix(1.3333333,0,0,1.3333333,-266.02934,302.03366)">
      <path
         id="path74"
         d="m 2.6372188,-5.4129375 c 0,-0.8789062 0.011719,-0.9023437 0.4804687,-0.9375 l 0.375,-0.035156 V -6.784031 c -1.21875,0.035156 -1.21875,0.035156 -1.5585937,0.035156 -0.3398438,0 -0.3515625,0 -1.54687505,-0.035156 v 0.3984375 l 0.375,0.035156 c 0.46875005,0.035156 0.46875005,0.058594 0.46875005,0.9375 v 4.0664063 c 0,0.89062495 0,0.91406245 -0.46875005,0.9492187 l -0.375,0.0351563 V 0.0362813 C 1.59425,0.001125 1.59425,0.001125 1.9340938,0.001125 c 0.3398437,0 0.3515625,0 1.5585937,0.03515625 v -0.3984375 l -0.375,-0.0351563 c -0.46875,-0.0351563 -0.4804687,-0.0585938 -0.4804687,-0.94921865 z m 1.4736328,1.5117188 0.4570312,0.023437 c 0.2226563,0.023437 0.2578125,0.1171875 0.2578125,0.703125 v 2.17968745 c 0,0.5390625 -0.046875,0.62109375 -0.3632812,0.6328125 l -0.3515625,0.0234375 v 0.375 L 5.3999141,0.001125 c 0.1992187,0 0.6796875,0.01171875 1.3476562,0.03515625 v -0.375 L 6.3960078,-0.36215625 C 6.0913203,-0.373875 6.0327266,-0.45590625 6.0327266,-0.99496875 V -3.1512187 c 0,-0.3515625 0.4101562,-0.6796875 0.8554687,-0.6796875 0.65625,0 0.9375,0.3398437 0.9375,1.1367187 v 2.73046875 c 0.5625,-0.0234375 0.7382813,-0.03515625 0.890625,-0.03515625 0.140625,0 0.140625,0 1.0078125,0.03515625 v -0.375 l -0.328125,-0.0234375 C 9.0913203,-0.373875 9.0327266,-0.45590625 9.0327266,-0.99496875 V -2.8465312 c 0,-0.7734375 -0.082031,-1.1484375 -0.3398438,-1.4296875 C 8.4233516,-4.54575 8.0249141,-4.686375 7.5327266,-4.686375 c -0.3046875,0 -0.5390625,0.058594 -0.703125,0.1875 L 6.0327266,-3.8895 v -0.7382812 l -0.058594,-0.058594 c -1.03125,0.3398438 -1.3125,0.3984375 -1.8632812,0.421875 z m 11.1240234,0.234375 0.04687,-0.6328125 c -0.410156,0.035156 -0.597656,0.046875 -0.820312,0.046875 -0.08203,0 -0.199219,0 -0.351563,-0.011719 -0.410156,-0.2929687 -0.878906,-0.421875 -1.523437,-0.421875 -1.265625,0 -2.15625,0.7382813 -2.15625,1.78125 0,0.3632813 0.128906,0.6914063 0.363281,0.9492188 0.199219,0.1992187 0.339844,0.2929687 0.691406,0.4101562 l -0.703125,0.5390625 c -0.105469,0.0703125 -0.175781,0.28125 -0.175781,0.48046875 0,0.36328125 0.1875,0.5390625 0.679687,0.66796875 L 10.477063,0.62221875 C 10.324719,0.70425 10.21925,0.9620625 10.21925,1.2315938 c 0,0.8671875 0.84375,1.4179687 2.15625,1.4179687 1.734375,0 2.917969,-0.9023437 2.917969,-2.2265625 0,-0.84375 -0.46875,-1.2421875 -1.476563,-1.2421875 h -0.234375 c -0.996093,0.0351563 -1.347656,0.046875 -1.464843,0.046875 -0.304688,0 -0.457032,-0.10546875 -0.457032,-0.3046875 0,-0.1523437 0.08203,-0.2695312 0.28125,-0.3867187 0.175782,0.011719 0.28125,0.023437 0.398438,0.023437 0.691406,0 1.324219,-0.234375 1.734375,-0.6445313 0.304687,-0.3046875 0.433594,-0.65625 0.433594,-1.1484375 0,-0.1640625 0,-0.28125 -0.04687,-0.46875 z M 12.46925,-4.1941875 c 0.527344,0 0.820313,0.4335938 0.820313,1.21875 0,0.703125 -0.269532,1.078125 -0.796875,1.078125 -0.515625,0 -0.832032,-0.4570312 -0.832032,-1.1953125 0,-0.7265625 0.269532,-1.1015625 0.808594,-1.1015625 z m 0.199219,4.34765625 c 1.21875,0 1.511719,0.15234375 1.511719,0.796875 0,0.67968755 -0.667969,1.20703125 -1.546875,1.20703125 -0.890625,0 -1.476563,-0.421875 -1.476563,-1.0429687 0,-0.3632813 0.210938,-0.70312505 0.503906,-0.8554688 C 11.824719,0.188625 12.188,0.15346875 12.668469,0.15346875 Z M 17.62257,-4.686375 16.931164,-4.4754375 c -0.328125,0.1054688 -0.503906,0.1289063 -1.125,0.2109375 v 0.3632813 l 0.445313,0.023437 c 0.222656,0.023437 0.257812,0.1171875 0.257812,0.703125 v 2.17968745 c 0,0.5390625 -0.04687,0.62109375 -0.363281,0.6328125 l -0.339844,0.0234375 v 0.375 L 17.083508,0.001125 c 0.128906,0 0.164062,0 1.511719,0.03515625 v -0.375 l -0.398438,-0.0234375 c -0.421875,-0.0117188 -0.46875,-0.0703125 -0.46875,-0.6328125 V -2.9637187 c 0,-0.3164063 0.398438,-0.6445313 0.796875,-0.6445313 0.246094,0 0.421875,0.1171875 0.5625,0.3632813 l 0.234375,-0.1054688 0.05859,-1.2773437 c -0.105469,-0.046875 -0.234375,-0.058594 -0.375,-0.058594 -0.28125,0 -0.46875,0.1171875 -0.84375,0.5273438 l -0.433594,0.46875 v -0.9375 z m 6.348633,1.7460938 c 0,-1.0664063 -0.75,-1.7460938 -1.886719,-1.7460938 -0.351562,0 -0.609375,0.070312 -0.878906,0.2226563 l -0.46875,0.28125 c -0.65625,0.3867187 -0.9375,0.984375 -0.9375,1.9335937 0,1.58203125 0.796875,2.4140625 2.273438,2.4140625 0.574218,0 0.9375,-0.09375 1.582031,-0.421875 L 23.865734,-0.73715625 23.748547,-0.8895 c -0.46875,0.2578125 -0.761719,0.3515625 -1.160156,0.3515625 -0.515625,0 -1.007813,-0.28125 -1.253907,-0.703125 -0.164062,-0.28125 -0.222656,-0.515625 -0.246093,-0.984375 h 1.3125 c 0.5625,0 1.007812,-0.058594 1.570312,-0.1992187 z m -2.097656,0.2226562 h -0.04687 c -0.05859,0 -0.328125,-0.011719 -0.480469,-0.023437 l -0.316406,-0.011719 c 0.03516,-0.984375 0.269531,-1.3828125 0.84375,-1.3828125 0.574219,0 0.808594,0.3984375 0.832031,1.3828125 z m 6.09375,-0.5273437 0.08203,-1.21875 C 27.65089,-4.6277812 27.346202,-4.686375 26.818858,-4.686375 c -1.347656,0 -2.074218,0.5390625 -2.074218,1.5351563 0,0.65625 0.363281,1.0664062 1.054687,1.2421875 l 0.855469,0.2109375 c 0.457031,0.1054687 0.632812,0.2695312 0.632812,0.6210937 0,0.46875 -0.363281,0.7734375 -0.914062,0.7734375 -0.46875,0 -0.796875,-0.15234375 -1.113281,-0.52734375 l -0.05859,-0.67968745 h -0.386719 l -0.07031,1.40624995 c 0.574218,0.19921875 1.019531,0.26953125 1.546875,0.26953125 1.253906,0 2.097656,-0.6796875 2.097656,-1.7109375 0,-0.7148437 -0.363281,-1.078125 -1.265625,-1.2773437 l -0.808594,-0.1875 c -0.398437,-0.082031 -0.550781,-0.2460938 -0.550781,-0.5507813 0,-0.3984375 0.339844,-0.65625 0.878906,-0.65625 0.398438,0 0.832031,0.1992188 0.867188,0.3984375 l 0.09375,0.5742188 z m 3.673828,-1.4414063 c -1.582031,0 -2.460937,0.8671875 -2.460937,2.4609375 0,1.5234375 0.820312,2.390625 2.261718,2.390625 1.59375,0 2.484375,-0.90234375 2.484375,-2.5195312 0,-1.5117188 -0.808593,-2.3320313 -2.285156,-2.3320313 z m -0.117187,0.46875 c 0.714843,0 1.054687,0.7148438 1.054687,2.1796875 0,1.20703125 -0.28125,1.734375 -0.960937,1.734375 -0.714844,0 -1.078125,-0.7265625 -1.078125,-2.1679687 0,-1.2070313 0.292968,-1.7460938 0.984375,-1.7460938 z m 6.407226,0.9726563 0.08203,-1.21875 C 37.614758,-4.6277812 37.31007,-4.686375 36.782727,-4.686375 c -1.347657,0 -2.074219,0.5390625 -2.074219,1.5351563 0,0.65625 0.363281,1.0664062 1.054687,1.2421875 l 0.855469,0.2109375 c 0.457031,0.1054687 0.632813,0.2695312 0.632813,0.6210937 0,0.46875 -0.363282,0.7734375 -0.914063,0.7734375 -0.46875,0 -0.796875,-0.15234375 -1.113281,-0.52734375 L 35.165539,-1.5105937 H 34.77882 l -0.07031,1.40624995 c 0.574219,0.19921875 1.019531,0.26953125 1.546875,0.26953125 1.253906,0 2.097656,-0.6796875 2.097656,-1.7109375 0,-0.7148437 -0.363281,-1.078125 -1.265625,-1.2773437 l -0.808594,-0.1875 c -0.398437,-0.082031 -0.550781,-0.2460938 -0.550781,-0.5507813 0,-0.3984375 0.339844,-0.65625 0.878906,-0.65625 0.398438,0 0.832032,0.1992188 0.867188,0.3984375 l 0.09375,0.5742188 z m 0,0"
         style="fill:#000000;fill-opacity:1;fill-rule:nonzero;stroke:none" />
      <path
         id="path75"
         d="m 138.73878,0.22378125 c 1.21875,-0.3984375 1.73438,-0.64453125 2.33203,-1.1484375 1.05469,-0.90234375 1.60547,-2.15624995 1.60547,-3.62109375 0,-1.8515625 -0.8789,-2.9648437 -2.32031,-2.9648437 -1.39453,0 -2.4375,1.0898437 -2.4375,2.5429687 0,1.2539063 0.80859,2.1796875 1.94531,2.1796875 0.375,0 0.79688,-0.1289062 0.9961,-0.2929687 l 0.76171,-0.6328125 c -0.082,1.8398437 -1.27734,3.1757812 -3.24609,3.65624995 v 0.09375 z m 1.57031,-7.38281245 c 0.49219,0 0.85547,0.2109375 1.10157,0.6445312 0.1875,0.3515625 0.3164,0.890625 0.3164,1.3710938 0,1.0078125 -0.57422,1.6875 -1.41797,1.6875 -0.86718,0 -1.45312,-0.7734375 -1.45312,-1.9101563 0,-1.1015625 0.5625,-1.7929687 1.45312,-1.7929687 z m 7.37696,-0.1757813 -0.39844,-0.1757812 c -1.05469,0.3398437 -1.5,0.5625 -2.05078,1.0429687 -1.125,0.9492188 -1.73438,2.2734375 -1.73438,3.7734375 0,1.8046875 0.86719,2.91796875 2.27344,2.91796875 1.41797,0 2.48438,-1.125 2.48438,-2.61328125 0,-1.2539062 -0.76172,-2.0742187 -1.91016,-2.0742187 -0.55078,0 -0.87891,0.140625 -1.52344,0.65625 -0.11719,0.09375 -0.1289,0.1054687 -0.24609,0.1992187 0.23437,-1.9804687 1.14844,-3.046875 3.10547,-3.6328125 z m -1.75782,3.5273438 c 0.83204,0 1.39454,0.7265625 1.39454,1.8046875 0,1.1367187 -0.5625,1.8632812 -1.40625,1.8632812 -0.92579,0 -1.41797,-0.796875 -1.41797,-2.2617187 0,-0.375 0.0352,-0.5859375 0.15234,-0.7734375 0.24609,-0.375 0.76172,-0.6328125 1.27734,-0.6328125 z m 5.54883,-3.703125 c -1.6875,0 -2.55468,1.3359375 -2.55468,3.9726562 0,1.2773438 0.23437,2.3789063 0.60937,2.91796875 0.38672,0.5390625 0.99609,0.84375 1.67578,0.84375 1.64063,0 2.47266,-1.41796875 2.47266,-4.21874995 0,-2.390625 -0.71485,-3.515625 -2.20313,-3.515625 z m -0.19922,0.375 c 1.05469,0 1.48829,1.0664062 1.48829,3.6914062 0,2.3203125 -0.42188,3.28125 -1.41797,3.28125 -1.06641,0 -1.51172,-1.1015625 -1.51172,-3.7617187 0,-2.3085938 0.41015,-3.2109375 1.4414,-3.2109375 z m 5.6543,-0.375 c -1.6875,0 -2.55469,1.3359375 -2.55469,3.9726562 0,1.2773438 0.23438,2.3789063 0.60938,2.91796875 0.38672,0.5390625 0.99609,0.84375 1.67578,0.84375 1.64062,0 2.47266,-1.41796875 2.47266,-4.21874995 0,-2.390625 -0.71485,-3.515625 -2.20313,-3.515625 z m -0.19922,0.375 c 1.05469,0 1.48828,1.0664062 1.48828,3.6914062 0,2.3203125 -0.42187,3.28125 -1.41797,3.28125 -1.0664,0 -1.51171,-1.1015625 -1.51171,-3.7617187 0,-2.3085938 0.41015,-3.2109375 1.4414,-3.2109375 z m 5.6543,-0.375 c -1.6875,0 -2.55469,1.3359375 -2.55469,3.9726562 0,1.2773438 0.23438,2.3789063 0.60938,2.91796875 0.38672,0.5390625 0.99609,0.84375 1.67578,0.84375 1.64062,0 2.47265,-1.41796875 2.47265,-4.21874995 0,-2.390625 -0.71484,-3.515625 -2.20312,-3.515625 z m -0.19922,0.375 c 1.05469,0 1.48828,1.0664062 1.48828,3.6914062 0,2.3203125 -0.42187,3.28125 -1.41797,3.28125 -1.0664,0 -1.51172,-1.1015625 -1.51172,-3.7617187 0,-2.3085938 0.41016,-3.2109375 1.44141,-3.2109375 z m 24.17578,6.89062495 v 0.28125 c 2.03906,-0.03515625 2.03906,-0.03515625 2.4375,-0.03515625 0.38672,0 0.38672,0 2.4961,0.03515625 -0.0234,-0.234375 -0.0234,-0.33984375 -0.0234,-0.4921875 0,-0.140625 0,-0.2578125 0.0234,-0.4921875 -1.25391,0.0585938 -1.75782,0.0703125 -3.77344,0.10546875 l 1.98047,-2.0976562 c 1.05468,-1.125 1.38281,-1.7226563 1.38281,-2.5429688 0,-1.2539062 -0.84375,-2.0273437 -2.23828,-2.0273437 -0.78516,0 -1.3125,0.2109375 -1.85156,0.7617187 l -0.1875,1.4765625 h 0.3164 L 187.06691,-5.7645 c 0.17578,-0.6328125 0.57422,-0.9140625 1.30078,-0.9140625 0.9375,0 1.53515,0.5976563 1.53515,1.5234375 0,0.8085938 -0.45703,1.6171875 -1.6875,2.9296875 z m 8.15039,-7.26562495 c -1.6875,0 -2.55469,1.3359375 -2.55469,3.9726562 0,1.2773438 0.23438,2.3789063 0.60938,2.91796875 0.38672,0.5390625 0.99609,0.84375 1.67578,0.84375 1.64063,0 2.47266,-1.41796875 2.47266,-4.21874995 0,-2.390625 -0.71485,-3.515625 -2.20313,-3.515625 z m -0.19922,0.375 c 1.05469,0 1.48828,1.0664062 1.48828,3.6914062 0,2.3203125 -0.42187,3.28125 -1.41796,3.28125 -1.06641,0 -1.51172,-1.1015625 -1.51172,-3.7617187 0,-2.3085938 0.41015,-3.2109375 1.4414,-3.2109375 z m 5.6543,-0.375 c -1.6875,0 -2.55469,1.3359375 -2.55469,3.9726562 0,1.2773438 0.23438,2.3789063 0.60938,2.91796875 0.38672,0.5390625 0.99609,0.84375 1.67578,0.84375 1.64062,0 2.47266,-1.41796875 2.47266,-4.21874995 0,-2.390625 -0.71485,-3.515625 -2.20313,-3.515625 z m -0.19922,0.375 c 1.05469,0 1.48828,1.0664062 1.48828,3.6914062 0,2.3203125 -0.42187,3.28125 -1.41797,3.28125 -1.0664,0 -1.51171,-1.1015625 -1.51171,-3.7617187 0,-2.3085938 0.41015,-3.2109375 1.4414,-3.2109375 z m 5.65137,-0.375 c -1.6875,0 -2.55469,1.3359375 -2.55469,3.9726562 0,1.2773438 0.23438,2.3789063 0.60938,2.91796875 0.38671,0.5390625 0.99609,0.84375 1.67578,0.84375 1.64062,0 2.47265,-1.41796875 2.47265,-4.21874995 0,-2.390625 -0.71484,-3.515625 -2.20312,-3.515625 z m -0.19922,0.375 c 1.05469,0 1.48828,1.0664062 1.48828,3.6914062 0,2.3203125 -0.42187,3.28125 -1.41797,3.28125 -1.0664,0 -1.51172,-1.1015625 -1.51172,-3.7617187 0,-2.3085938 0.41016,-3.2109375 1.44141,-3.2109375 z m 5.6543,-0.375 c -1.6875,0 -2.55469,1.3359375 -2.55469,3.9726562 0,1.2773438 0.23437,2.3789063 0.60937,2.91796875 0.38672,0.5390625 0.9961,0.84375 1.67579,0.84375 1.64062,0 2.47265,-1.41796875 2.47265,-4.21874995 0,-2.390625 -0.71484,-3.515625 -2.20312,-3.515625 z m -0.19922,0.375 c 1.05469,0 1.48828,1.0664062 1.48828,3.6914062 0,2.3203125 -0.42188,3.28125 -1.41797,3.28125 -1.06641,0 -1.51172,-1.1015625 -1.51172,-3.7617187 0,-2.3085938 0.41016,-3.2109375 1.44141,-3.2109375 z m 37.04883,7.03124995 0.10546,0.140625 C 248.25343,0.001125 248.25343,0.001125 248.32374,0.001125 c 0.082,0 0.082,0 0.50391,0.03515625 0.45703,-1.19531245 0.99609,-2.33203125 1.71094,-3.63281245 l 2.0039,-3.5976563 v -0.3164062 c -1.18359,0.035156 -1.55859,0.046875 -2.44922,0.046875 -0.79687,0 -1.32422,-0.011719 -2.39062,-0.046875 l -0.10547,0.046875 c 0.0352,1.0429687 0.0352,1.0429687 0.0352,1.1484375 0,0.1171875 0,0.1171875 -0.0352,1.1132812 h 0.32812 l 0.0703,-0.609375 c 0.0937,-0.6796875 0.16406,-0.7617187 0.66797,-0.7617187 h 2.91796 c -0.43359,0.890625 -0.77343,1.5234375 -1.19531,2.1914062 z m 6.22558,-6.49218745 c 1.40625,0.035156 2.01563,0.046875 3.32813,0.046875 l 0.0586,-0.046875 c -0.0234,-0.1992188 -0.0234,-0.28125 -0.0234,-0.4335938 0,-0.1523437 0,-0.234375 0.0234,-0.4335937 l -0.0586,-0.046875 c -0.82032,0.035156 -1.3125,0.046875 -1.89844,0.046875 -0.59766,0 -1.07813,-0.011719 -1.89844,-0.046875 l -0.0469,0.046875 c 0,0.6679687 0.0117,1.1484375 0.0117,1.5 0,0.9257812 -0.0234,1.96875 -0.0586,2.4492187 l 0.21094,0.070312 c 0.51562,-0.515625 0.80859,-0.6679687 1.34766,-0.6679687 1.04296,0 1.69921,0.7382812 1.69921,1.921875 0,1.2070312 -0.6914,1.92187495 -1.88671,1.92187495 -0.58594,0 -1.13672,-0.19921875 -1.28907,-0.48046875 l -0.5039,-0.9023437 -0.25782,0.1523437 c 0.25782,0.6328125 0.38672,0.97265625 0.53907,1.453125 0.30468,0.1640625 0.73828,0.26953125 1.20703,0.26953125 0.72656,0 1.51172,-0.31640625 2.10937,-0.84375 0.66797,-0.58593745 1.00782,-1.33593745 1.00782,-2.14453125 0,-1.2304687 -0.87891,-2.0976562 -2.1211,-2.0976562 -0.52734,0 -0.91406,0.140625 -1.59375,0.5390625 z m 6.94336,-0.9140625 c -1.6875,0 -2.55469,1.3359375 -2.55469,3.9726562 0,1.2773438 0.23438,2.3789063 0.60938,2.91796875 0.38672,0.5390625 0.99609,0.84375 1.67578,0.84375 1.64062,0 2.47266,-1.41796875 2.47266,-4.21874995 0,-2.390625 -0.71485,-3.515625 -2.20313,-3.515625 z m -0.19922,0.375 c 1.05469,0 1.48828,1.0664062 1.48828,3.6914062 0,2.3203125 -0.42187,3.28125 -1.41797,3.28125 -1.0664,0 -1.51171,-1.1015625 -1.51171,-3.7617187 0,-2.3085938 0.41015,-3.2109375 1.4414,-3.2109375 z m 5.6543,-0.375 c -1.6875,0 -2.55469,1.3359375 -2.55469,3.9726562 0,1.2773438 0.23438,2.3789063 0.60938,2.91796875 0.38672,0.5390625 0.99609,0.84375 1.67578,0.84375 1.64062,0 2.47265,-1.41796875 2.47265,-4.21874995 0,-2.390625 -0.71484,-3.515625 -2.20312,-3.515625 z m -0.19922,0.375 c 1.05469,0 1.48828,1.0664062 1.48828,3.6914062 0,2.3203125 -0.42187,3.28125 -1.41797,3.28125 -1.0664,0 -1.51172,-1.1015625 -1.51172,-3.7617187 0,-2.3085938 0.41016,-3.2109375 1.44141,-3.2109375 z m 5.6543,-0.375 c -1.6875,0 -2.55469,1.3359375 -2.55469,3.9726562 0,1.2773438 0.23437,2.3789063 0.60937,2.91796875 0.38672,0.5390625 0.9961,0.84375 1.67579,0.84375 1.64062,0 2.47265,-1.41796875 2.47265,-4.21874995 0,-2.390625 -0.71484,-3.515625 -2.20312,-3.515625 z m -0.19922,0.375 c 1.05469,0 1.48828,1.0664062 1.48828,3.6914062 0,2.3203125 -0.42188,3.28125 -1.41797,3.28125 -1.06641,0 -1.51172,-1.1015625 -1.51172,-3.7617187 0,-2.3085938 0.41016,-3.2109375 1.44141,-3.2109375 z m 15.46582,1.078125 h 0.11719 l 1.40625,-0.6328125 c 0.0117,-0.011719 0.0234,-0.011719 0.0351,-0.011719 0.0586,0 0.082,0.1054688 0.082,0.3632813 v 5.296875 c 0,0.56249995 -0.11718,0.67968745 -0.70312,0.7148437 l -0.62109,0.0351563 v 0.328125 c 1.68758,-0.0351561 1.68758,-0.0351561 1.80476,-0.0351561 0.14063,0 0.38672,0 0.75,0.01171875 0.12891,0.01171875 0.51563,0.01171875 0.96094,0.0234375 v -0.328125 L 290.34132,-0.327 c -0.59766,-0.0351563 -0.71484,-0.15234375 -0.71484,-0.7148437 v -6.46875 l -0.15235,-0.058594 c -0.70312,0.375 -1.47656,0.6914063 -2.47265,1.0429688 z m 7.59961,-1.453125 c -1.6875,0 -2.55469,1.3359375 -2.55469,3.9726562 0,1.2773438 0.23438,2.3789063 0.60938,2.91796875 0.38671,0.5390625 0.99609,0.84375 1.67578,0.84375 1.64062,0 2.47265,-1.41796875 2.47265,-4.21874995 0,-2.390625 -0.71484,-3.515625 -2.20312,-3.515625 z m -0.19922,0.375 c 1.05469,0 1.48828,1.0664062 1.48828,3.6914062 0,2.3203125 -0.42187,3.28125 -1.41797,3.28125 -1.0664,0 -1.51172,-1.1015625 -1.51172,-3.7617187 0,-2.3085938 0.41016,-3.2109375 1.44141,-3.2109375 z m 4.6084,3.375 c -0.44531,0.1992187 -0.63281,0.328125 -0.86719,0.5507812 -0.41016,0.421875 -0.63281,0.9140625 -0.63281,1.4765625 0,1.125 0.90234,1.95703125 2.13281,1.95703125 1.41797,0 2.60156,-1.11328125 2.60156,-2.47265625 0,-0.8671875 -0.39843,-1.3359375 -1.65234,-1.9101562 0.99609,-0.6679688 1.34766,-1.1367188 1.34766,-1.78125 0,-0.9375 -0.77344,-1.5703125 -1.9336,-1.5703125 -1.30078,0 -2.25,0.8203125 -2.25,1.96875 0,0.7382812 0.29297,1.1601562 1.25391,1.78125 z m 1.26562,0.5390625 c 0.69141,0.3046875 1.10157,0.84375 1.10157,1.4296875 0,0.9257812 -0.67969,1.64062495 -1.57032,1.64062495 -0.92578,0 -1.52343,-0.65625 -1.52343,-1.66406245 0,-0.796875 0.3164,-1.3007813 1.125,-1.7929688 z m -0.65625,-1.3945313 c -0.6914,-0.3398437 -1.04297,-0.7734375 -1.04297,-1.3125 0,-0.7265625 0.52735,-1.21875 1.30079,-1.21875 0.79687,0 1.32421,0.5273438 1.32421,1.3242188 0,0.6210937 -0.28125,1.0429687 -0.98437,1.5 z m 5.88867,-2.8945312 c -1.6875,0 -2.55468,1.3359375 -2.55468,3.9726562 0,1.2773438 0.23437,2.3789063 0.60937,2.91796875 0.38672,0.5390625 0.9961,0.84375 1.67578,0.84375 1.64063,0 2.47266,-1.41796875 2.47266,-4.21874995 0,-2.390625 -0.71484,-3.515625 -2.20313,-3.515625 z m -0.19921,0.375 c 1.05468,0 1.48828,1.0664062 1.48828,3.6914062 0,2.3203125 -0.42188,3.28125 -1.41797,3.28125 -1.06641,0 -1.51172,-1.1015625 -1.51172,-3.7617187 0,-2.3085938 0.41016,-3.2109375 1.44141,-3.2109375 z m 5.65429,-0.375 c -1.6875,0 -2.55468,1.3359375 -2.55468,3.9726562 0,1.2773438 0.23437,2.3789063 0.60937,2.91796875 0.38672,0.5390625 0.99609,0.84375 1.67578,0.84375 1.64063,0 2.47266,-1.41796875 2.47266,-4.21874995 0,-2.390625 -0.71485,-3.515625 -2.20313,-3.515625 z m -0.19922,0.375 c 1.05469,0 1.48829,1.0664062 1.48829,3.6914062 0,2.3203125 -0.42188,3.28125 -1.41797,3.28125 -1.06641,0 -1.51172,-1.1015625 -1.51172,-3.7617187 0,-2.3085938 0.41015,-3.2109375 1.4414,-3.2109375 z m 5.6543,-0.375 c -1.6875,0 -2.55469,1.3359375 -2.55469,3.9726562 0,1.2773438 0.23438,2.3789063 0.60938,2.91796875 0.38672,0.5390625 0.99609,0.84375 1.67578,0.84375 1.64062,0 2.47266,-1.41796875 2.47266,-4.21874995 0,-2.390625 -0.71485,-3.515625 -2.20313,-3.515625 z m -0.19922,0.375 c 1.05469,0 1.48828,1.0664062 1.48828,3.6914062 0,2.3203125 -0.42187,3.28125 -1.41797,3.28125 -1.0664,0 -1.51171,-1.1015625 -1.51171,-3.7617187 0,-2.3085938 0.41015,-3.2109375 1.4414,-3.2109375 z m 0,0"
         style="fill:#000000;fill-opacity:1;fill-rule:nonzero;stroke:none" />
    </g>
    <path
       id="path76"
       d="M -274,307.08033 H 167.36932"
       style="fill:none;stroke:#000000;stroke-width:0.530667;stroke-linecap:butt;stroke-linejoin:miter;stroke-miterlimit:10;stroke-dasharray:none;stroke-opacity:1" />
    <g
       id="g76"
       aria-label="CostesTotales72265153717014461701"
       transform="matrix(1.3333333,0,0,1.3333333,-266.02934,318.50433)">
      <path
         id="path77"
         d="M 6.891125,-0.8675 6.7739375,-0.9846875 c -0.6445312,0.33984375 -1.2890625,0.50390625 -1.9453125,0.50390625 -1.734375,0 -2.8945312,-1.23046875 -2.8945312,-3.11718745 0,-1.7109375 0.9726562,-2.765625 2.5546875,-2.765625 0.7382812,0 1.2304687,0.1875 1.7695312,0.6796875 l 0.046875,0.8671875 h 0.3867188 c 0.1171875,-0.9609375 0.140625,-1.1484375 0.234375,-1.5234375 l -0.058594,-0.1171875 c -0.9140625,-0.3515625 -1.4648437,-0.46875 -2.3320312,-0.46875 -2.5195313,0 -4.10156255,1.3359375 -4.10156255,3.46875 0,2.2265625 1.53515625,3.6210937 3.99609375,3.6210937 0.9140625,0 1.5117188,-0.12890625 2.25,-0.5390625 z m 3.161133,-3.8203125 c -1.5820314,0 -2.4609377,0.8671875 -2.4609377,2.4609375 0,1.5234375 0.8203125,2.390625 2.2617188,2.390625 1.5937499,0 2.4843749,-0.90234375 2.4843749,-2.5195312 0,-1.5117188 -0.808594,-2.3320313 -2.285156,-2.3320313 z m -0.1171877,0.46875 c 0.7148437,0 1.0546877,0.7148438 1.0546877,2.1796875 0,1.20703125 -0.28125,1.734375 -0.960938,1.734375 -0.7148434,0 -1.0781247,-0.7265625 -1.0781247,-2.1679687 0,-1.2070313 0.2929688,-1.7460938 0.984375,-1.7460938 z m 6.4072267,0.9726563 0.08203,-1.21875 c -0.398437,-0.1640625 -0.703125,-0.2226563 -1.230469,-0.2226563 -1.347656,0 -2.074218,0.5390625 -2.074218,1.5351563 0,0.65625 0.363281,1.0664062 1.054687,1.2421875 l 0.855469,0.2109375 c 0.457031,0.1054687 0.632812,0.2695312 0.632812,0.6210937 0,0.46875 -0.363281,0.7734375 -0.914062,0.7734375 -0.46875,0 -0.796875,-0.15234375 -1.113281,-0.52734375 l -0.05859,-0.67968745 h -0.386719 l -0.07031,1.40624995 C 13.693859,0.0934375 14.139172,0.16375 14.666516,0.16375 c 1.253906,0 2.097656,-0.6796875 2.097656,-1.7109375 0,-0.7148437 -0.363281,-1.078125 -1.265625,-1.2773437 l -0.808594,-0.1875 c -0.398437,-0.082031 -0.550781,-0.2460938 -0.550781,-0.5507813 0,-0.3984375 0.339844,-0.65625 0.878906,-0.65625 0.398438,0 0.832031,0.1992188 0.867188,0.3984375 l 0.09375,0.5742188 z m 4.037109,2.64843745 -0.07031,-0.1875 c -0.199219,0.09375 -0.304688,0.12890625 -0.457031,0.12890625 -0.46875,0 -0.621094,-0.1640625 -0.621094,-0.6445312 V -3.68 h 1.054687 l 0.08203,-0.6445312 -1.136719,0.058594 v -0.5742187 c 0,-0.5273438 0.02344,-0.8554688 0.117187,-1.359375 l -0.140625,-0.09375 c -0.398437,0.1875 -0.703125,0.3046875 -1.21875,0.4921875 0.03516,0.515625 0.04687,0.7148437 0.04687,0.9140625 v 0.5976562 l -0.65625,0.4335938 V -3.633125 L 18.012219,-3.68 v 2.578125 c 0,0.890625 0.375,1.265625 1.242187,1.265625 0.304688,0 0.550782,-0.0585938 0.644532,-0.17578125 z m 4.6875,-2.34374995 c 0,-1.0664063 -0.75,-1.7460938 -1.886718,-1.7460938 -0.351563,0 -0.609375,0.070312 -0.878907,0.2226563 l -0.46875,0.28125 c -0.65625,0.3867187 -0.9375,0.984375 -0.9375,1.9335937 0,1.58203125 0.796875,2.4140625 2.273438,2.4140625 0.574219,0 0.9375,-0.09375 1.582031,-0.421875 L 24.961438,-0.73859375 24.84425,-0.8909375 c -0.46875,0.2578125 -0.761719,0.3515625 -1.160156,0.3515625 -0.515625,0 -1.007813,-0.28125 -1.253906,-0.703125 -0.164063,-0.28125 -0.222657,-0.515625 -0.246094,-0.984375 h 1.3125 c 0.5625,0 1.007812,-0.058594 1.570312,-0.1992187 z m -2.097656,0.2226562 h -0.04687 c -0.05859,0 -0.328125,-0.011719 -0.480469,-0.023437 L 22.1255,-2.7542187 c 0.03516,-0.984375 0.269531,-1.3828125 0.84375,-1.3828125 0.574219,0 0.808594,0.3984375 0.832031,1.3828125 z m 6.09375,-0.5273437 0.08203,-1.21875 c -0.398437,-0.1640625 -0.703125,-0.2226563 -1.230468,-0.2226563 -1.347657,0 -2.074219,0.5390625 -2.074219,1.5351563 0,0.65625 0.363281,1.0664062 1.054687,1.2421875 l 0.855469,0.2109375 c 0.457031,0.1054687 0.632813,0.2695312 0.632813,0.6210937 0,0.46875 -0.363282,0.7734375 -0.914063,0.7734375 -0.46875,0 -0.796875,-0.15234375 -1.113281,-0.52734375 l -0.05859,-0.67968745 h -0.386719 l -0.07031,1.40624995 C 26.414563,0.0934375 26.859875,0.16375 27.387219,0.16375 c 1.253906,0 2.097656,-0.6796875 2.097656,-1.7109375 0,-0.7148437 -0.363281,-1.078125 -1.265625,-1.2773437 l -0.808594,-0.1875 c -0.398437,-0.082031 -0.550781,-0.2460938 -0.550781,-0.5507813 0,-0.3984375 0.339844,-0.65625 0.878906,-0.65625 0.398438,0 0.832032,0.1992188 0.867188,0.3984375 l 0.09375,0.5742188 z m 7.324219,-2.9179688 h 1.171875 c 0.421875,0 0.527344,0.023437 0.621094,0.082031 l 0.08203,0.2460937 0.04687,0.6914063 h 0.398437 c 0.02344,-0.7617188 0.05859,-1.1132813 0.140625,-1.59375 l -0.07031,-0.046875 c -2.742188,0.035156 -2.742188,0.035156 -3.082031,0.035156 -0.351563,0 -0.351563,0 -3.09375,-0.035156 l -0.07031,0.046875 c 0.08203,0.4804687 0.105469,0.8320312 0.140625,1.59375 h 0.398438 l 0.04687,-0.6914063 c 0,-0.058594 0.04687,-0.1757812 0.08203,-0.234375 0.04687,-0.070312 0.199219,-0.09375 0.621094,-0.09375 h 1.171875 v 4.8164063 c 0,0.89062495 -0.01172,0.91406245 -0.480469,0.9492187 l -0.375,0.0351563 v 0.3984375 c 1.207038,-0.035156 1.207038,-0.035156 1.546882,-0.035156 0.339844,0 0.351562,0 1.558594,0.03515625 v -0.3984375 l -0.375,-0.0351563 c -0.46875,-0.0351563 -0.480469,-0.0585938 -0.480469,-0.94921865 z m 4.379883,1.4765625 c -1.582032,0 -2.460938,0.8671875 -2.460938,2.4609375 0,1.5234375 0.820313,2.390625 2.261719,2.390625 1.59375,0 2.484375,-0.90234375 2.484375,-2.5195312 0,-1.5117188 -0.808594,-2.3320313 -2.285156,-2.3320313 z m -0.117188,0.46875 c 0.714844,0 1.054688,0.7148438 1.054688,2.1796875 0,1.20703125 -0.28125,1.734375 -0.960938,1.734375 -0.714844,0 -1.078125,-0.7265625 -1.078125,-2.1679687 0,-1.2070313 0.292969,-1.7460938 0.984375,-1.7460938 z m 6.020508,3.62109375 -0.07031,-0.1875 c -0.199218,0.09375 -0.304687,0.12890625 -0.457031,0.12890625 -0.46875,0 -0.621094,-0.1640625 -0.621094,-0.6445312 V -3.68 h 1.054688 l 0.08203,-0.6445312 -1.136719,0.058594 v -0.5742187 c 0,-0.5273438 0.02344,-0.8554688 0.117188,-1.359375 l -0.140625,-0.09375 c -0.398438,0.1875 -0.703125,0.3046875 -1.21875,0.4921875 0.03516,0.515625 0.04687,0.7148437 0.04687,0.9140625 v 0.5976562 l -0.65625,0.4335938 V -3.633125 L 44.303234,-3.68 v 2.578125 c 0,0.890625 0.375,1.265625 1.242188,1.265625 0.304687,0 0.550781,-0.0585938 0.644531,-0.17578125 z m 3.070312,-0.0703125 -0.04687,0.62109375 0.04687,0.08203125 c 0.621094,-0.0234375 0.785157,-0.03515625 0.914063,-0.03515625 0.117187,0 0.269531,0.01171875 0.867187,0.03515625 v -0.375 l -0.292968,-0.0234375 c -0.222657,-0.046875 -0.269532,-0.140625 -0.28125,-0.609375 V -1.1839062 c -0.01172,-0.3164063 -0.02344,-0.5976563 -0.02344,-0.84375 0,-0.2695313 0.01172,-0.5859375 0.02344,-0.9609375 0.01172,-0.1289063 0.01172,-0.2226563 0.01172,-0.2929688 0,-0.8789062 -0.597656,-1.40625 -1.605468,-1.40625 -0.421875,0 -0.832032,0.1054688 -1.195313,0.3398438 l -0.527344,0.3164062 v 0.6796875 l 0.292969,0.070312 0.222656,-0.4921875 c 0.03516,-0.070312 0.316407,-0.140625 0.574219,-0.140625 0.667969,0 0.996094,0.3632813 1.019531,1.171875 l -0.878906,0.1875 c -1.253906,0.2578125 -1.699219,0.6445313 -1.699219,1.4882813 0,0.8085937 0.410157,1.2304687 1.160157,1.2304687 0.222656,0 0.398437,-0.0351563 0.492187,-0.1171875 z m 0,-0.48046875 c -0.1875,0.2578125 -0.550781,0.4453125 -0.855468,0.4453125 -0.316407,0 -0.503907,-0.234375 -0.503907,-0.6210937 0,-0.4921875 0.210938,-0.6914063 0.914063,-0.8789063 l 0.445312,-0.1171875 z m 4.160157,-6.0234375 -0.714844,0.2226563 c -0.28125,0.082031 -0.621094,0.140625 -1.207031,0.2109375 v 0.3515625 l 0.527343,0.035156 c 0.222657,0.011719 0.269532,0.1054688 0.269532,0.6914063 v 4.66406245 c 0,0.5390625 -0.05859,0.62109375 -0.363282,0.6328125 l -0.351562,0.0234375 v 0.375 L 53.350109,-3.125e-4 c 0.199219,0 0.679688,0.01171875 1.347657,0.03515625 v -0.375 l -0.351563,-0.0234375 c -0.304687,-0.0117188 -0.363281,-0.09375 -0.363281,-0.6328125 V -7.1135937 Z m 5.756836,4.2304688 c 0,-1.0664063 -0.75,-1.7460938 -1.886719,-1.7460938 -0.351563,0 -0.609375,0.070312 -0.878906,0.2226563 l -0.46875,0.28125 c -0.65625,0.3867187 -0.9375,0.984375 -0.9375,1.9335937 0,1.58203125 0.796875,2.4140625 2.273437,2.4140625 0.574219,0 0.9375,-0.09375 1.582031,-0.421875 L 59.552258,-0.73859375 59.43507,-0.8909375 c -0.46875,0.2578125 -0.761718,0.3515625 -1.160156,0.3515625 -0.515625,0 -1.007812,-0.28125 -1.253906,-0.703125 -0.164063,-0.28125 -0.222656,-0.515625 -0.246094,-0.984375 h 1.3125 c 0.5625,0 1.007813,-0.058594 1.570313,-0.1992187 z M 57.56007,-2.7190625 H 57.5132 c -0.05859,0 -0.328125,-0.011719 -0.480468,-0.023437 l -0.316407,-0.011719 c 0.03516,-0.984375 0.269532,-1.3828125 0.84375,-1.3828125 0.574219,0 0.808594,0.3984375 0.832032,1.3828125 z m 6.09375,-0.5273437 0.08203,-1.21875 c -0.398438,-0.1640625 -0.703125,-0.2226563 -1.230469,-0.2226563 -1.347656,0 -2.074219,0.5390625 -2.074219,1.5351563 0,0.65625 0.363281,1.0664062 1.054688,1.2421875 l 0.855468,0.2109375 c 0.457032,0.1054687 0.632813,0.2695312 0.632813,0.6210937 0,0.46875 -0.363281,0.7734375 -0.914063,0.7734375 -0.46875,0 -0.796875,-0.15234375 -1.113281,-0.52734375 l -0.05859,-0.67968745 h -0.386718 l -0.07031,1.40624995 C 61.005383,0.0934375 61.450695,0.16375 61.978039,0.16375 c 1.253906,0 2.097656,-0.6796875 2.097656,-1.7109375 0,-0.7148437 -0.363281,-1.078125 -1.265625,-1.2773437 l -0.808593,-0.1875 c -0.398438,-0.082031 -0.550782,-0.2460938 -0.550782,-0.5507813 0,-0.3984375 0.339844,-0.65625 0.878907,-0.65625 0.398437,0 0.832031,0.1992188 0.867187,0.3984375 l 0.09375,0.5742188 z m 0,0"
         style="fill:#000000;fill-opacity:1;fill-rule:nonzero;stroke:none" />
      <path
         id="path78"
         d="m 138.30519,-0.10578125 0.10547,0.140625 c 0.42187,-0.03515625 0.42187,-0.03515625 0.49218,-0.03515625 0.082,0 0.082,0 0.50391,0.03515625 0.45703,-1.19531245 0.99609,-2.33203125 1.71094,-3.63281245 l 2.0039,-3.5976563 v -0.3164062 c -1.18359,0.035156 -1.55859,0.046875 -2.44921,0.046875 -0.79688,0 -1.32422,-0.011719 -2.39063,-0.046875 l -0.10547,0.046875 c 0.0352,1.0429687 0.0352,1.0429687 0.0352,1.1484375 0,0.1171875 0,0.1171875 -0.0352,1.1132812 h 0.32813 l 0.0703,-0.609375 c 0.0937,-0.6796875 0.16406,-0.7617187 0.66797,-0.7617187 h 2.91797 c -0.4336,0.890625 -0.77344,1.5234375 -1.19532,2.1914062 z m 5.02148,-0.140625 v 0.28125 c 2.03906,-0.03515625 2.03906,-0.03515625 2.4375,-0.03515625 0.38672,0 0.38672,0 2.4961,0.03515625 -0.0234,-0.234375 -0.0234,-0.33984375 -0.0234,-0.4921875 0,-0.140625 0,-0.2578125 0.0234,-0.4921875 -1.25391,0.0585938 -1.75782,0.0703125 -3.77344,0.10546875 l 1.98047,-2.0976562 c 1.05468,-1.125 1.38281,-1.7226563 1.38281,-2.5429688 0,-1.2539062 -0.84375,-2.0273437 -2.23828,-2.0273437 -0.78516,0 -1.3125,0.2109375 -1.85156,0.7617187 l -0.1875,1.4765625 h 0.3164 l 0.14063,-0.4921875 C 144.20558,-6.39875 144.60402,-6.68 145.33058,-6.68 c 0.9375,0 1.53515,0.5976563 1.53515,1.5234375 0,0.8085938 -0.45703,1.6171875 -1.6875,2.9296875 z m 5.45508,0 v 0.28125 c 2.03906,-0.03515625 2.03906,-0.03515625 2.4375,-0.03515625 0.38672,0 0.38672,0 2.49609,0.03515625 -0.0234,-0.234375 -0.0234,-0.33984375 -0.0234,-0.4921875 0,-0.140625 0,-0.2578125 0.0234,-0.4921875 -1.2539,0.0585938 -1.75781,0.0703125 -3.77343,0.10546875 l 1.98047,-2.0976562 c 1.05468,-1.125 1.38281,-1.7226563 1.38281,-2.5429688 0,-1.2539062 -0.84375,-2.0273437 -2.23828,-2.0273437 -0.78516,0 -1.3125,0.2109375 -1.85157,0.7617187 l -0.1875,1.4765625 h 0.31641 l 0.14063,-0.4921875 C 149.66066,-6.39875 150.05909,-6.68 150.78566,-6.68 c 0.9375,0 1.53515,0.5976563 1.53515,1.5234375 0,0.8085938 -0.45703,1.6171875 -1.6875,2.9296875 z M 158.5962,-7.33625 158.19777,-7.5120312 c -1.05469,0.3398437 -1.5,0.5625 -2.05079,1.0429687 -1.125,0.9492188 -1.73437,2.2734375 -1.73437,3.7734375 0,1.8046875 0.86719,2.91796875 2.27344,2.91796875 1.41797,0 2.48437,-1.125 2.48437,-2.61328125 0,-1.2539062 -0.76172,-2.0742187 -1.91015,-2.0742187 -0.55079,0 -0.87891,0.140625 -1.52344,0.65625 -0.11719,0.09375 -0.12891,0.1054687 -0.2461,0.1992187 0.23438,-1.9804687 1.14844,-3.046875 3.10547,-3.6328125 z m -1.75781,3.5273438 c 0.83203,0 1.39453,0.7265625 1.39453,1.8046875 0,1.1367187 -0.5625,1.8632812 -1.40625,1.8632812 -0.92578,0 -1.41797,-0.796875 -1.41797,-2.2617187 0,-0.375 0.0352,-0.5859375 0.15235,-0.7734375 0.24609,-0.375 0.76172,-0.6328125 1.27734,-0.6328125 z m 4.06055,-2.7890625 c 1.40625,0.035156 2.01562,0.046875 3.32812,0.046875 l 0.0586,-0.046875 c -0.0234,-0.1992188 -0.0234,-0.28125 -0.0234,-0.4335938 0,-0.1523437 0,-0.234375 0.0234,-0.4335937 l -0.0586,-0.046875 c -0.82031,0.035156 -1.3125,0.046875 -1.89843,0.046875 -0.59766,0 -1.07813,-0.011719 -1.89844,-0.046875 l -0.0469,0.046875 c 0,0.6679687 0.0117,1.1484375 0.0117,1.5 0,0.9257812 -0.0234,1.96875 -0.0586,2.4492187 l 0.21094,0.070312 c 0.51562,-0.515625 0.80859,-0.6679687 1.34765,-0.6679687 1.04297,0 1.69922,0.7382812 1.69922,1.921875 0,1.2070312 -0.69141,1.92187495 -1.88672,1.92187495 -0.58594,0 -1.13672,-0.19921875 -1.28906,-0.48046875 l -0.50391,-0.9023437 -0.25781,0.1523437 c 0.25781,0.6328125 0.38672,0.97265625 0.53906,1.453125 0.30469,0.1640625 0.73828,0.26953125 1.20703,0.26953125 0.72657,0 1.51172,-0.31640625 2.10938,-0.84375 0.66797,-0.58593745 1.00781,-1.33593745 1.00781,-2.14453125 0,-1.2304687 -0.8789,-2.0976562 -2.12109,-2.0976562 -0.52735,0 -0.91406,0.140625 -1.59375,0.5390625 z m 26.01562,0.5390625 h 0.11719 l 1.40625,-0.6328125 c 0.0117,-0.011719 0.0234,-0.011719 0.0352,-0.011719 0.0586,0 0.082,0.1054688 0.082,0.3632813 v 5.296875 c 0,0.56249995 -0.11719,0.67968745 -0.70313,0.7148437 l -0.62109,0.0351563 v 0.328125 c 1.6875,-0.03515625 1.6875,-0.03515625 1.80469,-0.03515625 0.14062,0 0.38672,0 0.75,0.01171875 0.1289,0.01171875 0.51562,0.01171875 0.96093,0.0234375 v -0.328125 l -0.5625,-0.0351563 c -0.59765,-0.0351563 -0.71484,-0.15234375 -0.71484,-0.7148437 v -6.46875 l -0.15234,-0.058594 c -0.70313,0.375 -1.47657,0.6914063 -2.47266,1.0429688 z m 6.11133,-0.5390625 c 1.40625,0.035156 2.01563,0.046875 3.32813,0.046875 l 0.0586,-0.046875 c -0.0234,-0.1992188 -0.0234,-0.28125 -0.0234,-0.4335938 0,-0.1523437 0,-0.234375 0.0234,-0.4335937 l -0.0586,-0.046875 c -0.82032,0.035156 -1.3125,0.046875 -1.89844,0.046875 -0.59766,0 -1.07813,-0.011719 -1.89844,-0.046875 l -0.0469,0.046875 c 0,0.6679687 0.0117,1.1484375 0.0117,1.5 0,0.9257812 -0.0234,1.96875 -0.0586,2.4492187 l 0.21094,0.070312 c 0.51562,-0.515625 0.80859,-0.6679687 1.34765,-0.6679687 1.04297,0 1.69922,0.7382812 1.69922,1.921875 0,1.2070312 -0.6914,1.92187495 -1.88672,1.92187495 -0.58593,0 -1.13671,-0.19921875 -1.28906,-0.48046875 l -0.5039,-0.9023437 -0.25782,0.1523437 c 0.25782,0.6328125 0.38672,0.97265625 0.53907,1.453125 0.30468,0.1640625 0.73828,0.26953125 1.20703,0.26953125 0.72656,0 1.51172,-0.31640625 2.10937,-0.84375 0.66797,-0.58593745 1.00781,-1.33593745 1.00781,-2.14453125 0,-1.2304687 -0.8789,-2.0976562 -2.12109,-2.0976562 -0.52734,0 -0.91406,0.140625 -1.59375,0.5390625 z m 4.54102,1.1601562 h 0.33984 l 0.19922,-0.609375 c 0.11719,-0.3632812 0.80859,-0.7382812 1.37109,-0.7382812 0.70313,0 1.28907,0.5742187 1.28907,1.265625 0,0.8203125 -0.64454,1.5 -1.41797,1.5 -0.0937,0 -0.21094,-0.011719 -0.35157,-0.011719 l -0.16406,-0.011719 -0.1289,0.5742187 0.0703,0.070312 c 0.42187,-0.1875 0.62109,-0.2460937 0.92578,-0.2460937 0.90234,0 1.42969,0.5742187 1.42969,1.5703125 0,1.1132812 -0.66797,1.8398437 -1.6875,1.8398437 -0.50391,0 -0.94922,-0.1640625 -1.27735,-0.46875 -0.25781,-0.234375 -0.39843,-0.4804687 -0.60937,-1.078125 l -0.29297,0.1171875 c 0.23437,0.65625 0.31641,1.0546875 0.38672,1.59375 0.57422,0.19921875 1.05469,0.29296875 1.45312,0.29296875 0.87891,0 1.875,-0.4921875 2.48438,-1.23046875 0.36328,-0.4453125 0.55078,-0.9257812 0.55078,-1.4414062 0,-0.515625 -0.21094,-0.9726563 -0.60938,-1.2539063 -0.26953,-0.1875 -0.52734,-0.28125 -1.0664,-0.375 0.86719,-0.6796875 1.19531,-1.1835937 1.19531,-1.828125 0,-0.9726562 -0.80859,-1.6054687 -2.01562,-1.6054687 -0.73829,0 -1.23047,0.1992187 -1.75782,0.7265625 z m 5.59277,5.33203125 0.10547,0.140625 c 0.42187,-0.03515625 0.42187,-0.03515625 0.49219,-0.03515625 0.082,0 0.082,0 0.5039,0.03515625 0.45703,-1.19531245 0.9961,-2.33203125 1.71094,-3.63281245 l 2.00391,-3.5976563 v -0.3164062 c -1.1836,0.035156 -1.5586,0.046875 -2.44922,0.046875 -0.79688,0 -1.32422,-0.011719 -2.39063,-0.046875 l -0.10547,0.046875 c 0.0352,1.0429687 0.0352,1.0429687 0.0352,1.1484375 0,0.1171875 0,0.1171875 -0.0352,1.1132812 h 0.32813 l 0.0703,-0.609375 c 0.0937,-0.6796875 0.16406,-0.7617187 0.66797,-0.7617187 h 2.91797 c -0.4336,0.890625 -0.77344,1.5234375 -1.19531,2.1914062 z m 5.57227,-5.95312495 h 0.11718 l 1.40625,-0.6328125 c 0.0117,-0.011719 0.0234,-0.011719 0.0352,-0.011719 0.0586,0 0.082,0.1054688 0.082,0.3632813 v 5.296875 c 0,0.56249995 -0.11719,0.67968745 -0.70312,0.7148437 l -0.6211,0.0351563 v 0.328125 c 1.6875,-0.03515625 1.6875,-0.03515625 1.80469,-0.03515625 0.14062,0 0.38672,0 0.75,0.01171875 0.12891,0.01171875 0.51562,0.01171875 0.96094,0.0234375 v -0.328125 l -0.5625,-0.0351563 c -0.59766,-0.0351563 -0.71485,-0.15234375 -0.71485,-0.7148437 v -6.46875 l -0.15234,-0.058594 c -0.70313,0.375 -1.47656,0.6914063 -2.47266,1.0429688 z m 38.99414,5.95312495 0.10546,0.140625 c 0.42188,-0.03515625 0.42188,-0.03515625 0.49219,-0.03515625 0.082,0 0.082,0 0.50391,0.03515625 0.45703,-1.19531245 0.99609,-2.33203125 1.71094,-3.63281245 l 2.0039,-3.5976563 v -0.3164062 c -1.18359,0.035156 -1.55859,0.046875 -2.44922,0.046875 -0.79687,0 -1.32422,-0.011719 -2.39062,-0.046875 l -0.10547,0.046875 c 0.0352,1.0429687 0.0352,1.0429687 0.0352,1.1484375 0,0.1171875 0,0.1171875 -0.0352,1.1132812 h 0.32812 l 0.0703,-0.609375 c 0.0937,-0.6796875 0.16406,-0.7617187 0.66797,-0.7617187 h 2.91796 c -0.43359,0.890625 -0.77343,1.5234375 -1.19531,2.1914062 z m 7.71386,-7.40624995 c -1.6875,0 -2.55468,1.3359375 -2.55468,3.9726562 0,1.2773438 0.23437,2.3789063 0.60937,2.91796875 0.38672,0.5390625 0.99609,0.84375 1.67578,0.84375 1.64063,0 2.47266,-1.41796875 2.47266,-4.21874995 0,-2.390625 -0.71485,-3.515625 -2.20313,-3.515625 z m -0.19922,0.375 c 1.05469,0 1.48829,1.0664062 1.48829,3.6914062 0,2.3203125 -0.42188,3.28125 -1.41797,3.28125 -1.06641,0 -1.51172,-1.1015625 -1.51172,-3.7617187 0,-2.3085938 0.41015,-3.2109375 1.4414,-3.2109375 z m 3.50977,1.078125 h 0.11719 l 1.40625,-0.6328125 c 0.0117,-0.011719 0.0234,-0.011719 0.0352,-0.011719 0.0586,0 0.082,0.1054688 0.082,0.3632813 v 5.296875 c 0,0.56249995 -0.11718,0.67968745 -0.70312,0.7148437 l -0.62109,0.0351563 v 0.328125 c 1.6875,-0.03515625 1.6875,-0.03515625 1.80468,-0.03515625 0.14063,0 0.38672,0 0.75,0.01171875 0.12891,0.01171875 0.51563,0.01171875 0.96094,0.0234375 v -0.328125 l -0.5625,-0.0351563 c -0.59766,-0.0351563 -0.71484,-0.15234375 -0.71484,-0.7148437 v -6.46875 l -0.15235,-0.058594 c -0.70312,0.375 -1.47656,0.6914063 -2.47265,1.0429688 z m 7.78711,4.078125 v 0.8203125 c 0,0.65624995 -0.12891,0.8085937 -0.65625,0.8320312 l -0.67969,0.0351563 v 0.328125 c 1.45313,-0.03515625 1.45313,-0.03515625 1.71094,-0.03515625 0.26953,0 0.26953,0 1.71094,0.03515625 v -0.328125 l -0.51563,-0.0351563 c -0.53906,-0.0351563 -0.65625,-0.17578125 -0.65625,-0.8320312 v -0.8203125 c 0.64453,0 0.86719,0.011719 1.17188,0.046875 v -0.7734375 c -0.50391,0.046875 -0.71485,0.046875 -0.87891,0.035156 h -0.29297 V -4.195625 c 0,-1.9335937 0.0234,-2.8710937 0.0703,-3.3164062 l -0.1289,-0.058594 -0.8086,0.2929688 -3.08203,5.0507812 0.11719,0.2460938 z m 0,-0.6914063 h -2.34375 l 2.34375,-3.84375 z m 5.45508,0.6914063 v 0.8203125 c 0,0.65624995 -0.12891,0.8085937 -0.65625,0.8320312 l -0.67969,0.0351563 v 0.328125 c 1.45312,-0.03515625 1.45312,-0.03515625 1.71094,-0.03515625 0.26953,0 0.26953,0 1.71093,0.03515625 v -0.328125 L 273.563,-0.3284375 c -0.53906,-0.0351563 -0.65625,-0.17578125 -0.65625,-0.8320312 v -0.8203125 c 0.64453,0 0.86719,0.011719 1.17187,0.046875 v -0.7734375 c -0.5039,0.046875 -0.71484,0.046875 -0.8789,0.035156 h -0.29297 V -4.195625 c 0,-1.9335937 0.0234,-2.8710937 0.0703,-3.3164062 l -0.1289,-0.058594 -0.8086,0.2929688 -3.08203,5.0507812 0.11719,0.2460938 z m 0,-0.6914063 h -2.34375 l 2.34375,-3.84375 z m 24.34277,-4.6640625 -0.39844,-0.1757812 c -1.05468,0.3398437 -1.5,0.5625 -2.05078,1.0429687 -1.125,0.9492188 -1.73437,2.2734375 -1.73437,3.7734375 0,1.8046875 0.86718,2.91796875 2.27343,2.91796875 1.41797,0 2.48438,-1.125 2.48438,-2.61328125 0,-1.2539062 -0.76172,-2.0742187 -1.91016,-2.0742187 -0.55078,0 -0.8789,0.140625 -1.52343,0.65625 -0.11719,0.09375 -0.12891,0.1054687 -0.2461,0.1992187 0.23438,-1.9804687 1.14844,-3.046875 3.10547,-3.6328125 z m -1.75781,3.5273438 c 0.83203,0 1.39453,0.7265625 1.39453,1.8046875 0,1.1367187 -0.5625,1.8632812 -1.40625,1.8632812 -0.92578,0 -1.41797,-0.796875 -1.41797,-2.2617187 0,-0.375 0.0352,-0.5859375 0.15234,-0.7734375 0.2461,-0.375 0.76172,-0.6328125 1.27735,-0.6328125 z m 3.40137,-2.25 h 0.11718 l 1.40625,-0.6328125 c 0.0117,-0.011719 0.0234,-0.011719 0.0352,-0.011719 0.0586,0 0.082,0.1054688 0.082,0.3632813 v 5.296875 c 0,0.56249995 -0.11719,0.67968745 -0.70312,0.7148437 l -0.6211,0.0351563 v 0.328125 c 1.6875,-0.03515625 1.6875,-0.03515625 1.80469,-0.03515625 0.14062,0 0.38672,0 0.75,0.01171875 0.12891,0.01171875 0.51562,0.01171875 0.96094,0.0234375 v -0.328125 l -0.5625,-0.0351563 c -0.59766,-0.0351563 -0.71485,-0.15234375 -0.71485,-0.7148437 v -6.46875 l -0.15234,-0.058594 c -0.70313,0.375 -1.47656,0.6914063 -2.47266,1.0429688 z m 5.33789,5.95312495 0.10546,0.140625 c 0.42188,-0.03515625 0.42188,-0.03515625 0.49219,-0.03515625 0.082,0 0.082,0 0.50391,0.03515625 0.45703,-1.19531245 0.99609,-2.33203125 1.71094,-3.63281245 l 2.0039,-3.5976563 v -0.3164062 c -1.18359,0.035156 -1.55859,0.046875 -2.44922,0.046875 -0.79687,0 -1.32422,-0.011719 -2.39062,-0.046875 l -0.10547,0.046875 c 0.0352,1.0429687 0.0352,1.0429687 0.0352,1.1484375 0,0.1171875 0,0.1171875 -0.0352,1.1132812 h 0.32812 l 0.0703,-0.609375 c 0.0937,-0.6796875 0.16406,-0.7617187 0.66797,-0.7617187 h 2.91796 c -0.43359,0.890625 -0.77343,1.5234375 -1.19531,2.1914062 z m 7.71679,-7.40624995 c -1.6875,0 -2.55468,1.3359375 -2.55468,3.9726562 0,1.2773438 0.23437,2.3789063 0.60937,2.91796875 0.38672,0.5390625 0.99609,0.84375 1.67578,0.84375 1.64063,0 2.47266,-1.41796875 2.47266,-4.21874995 0,-2.390625 -0.71485,-3.515625 -2.20313,-3.515625 z m -0.19922,0.375 c 1.05469,0 1.48829,1.0664062 1.48829,3.6914062 0,2.3203125 -0.42188,3.28125 -1.41797,3.28125 -1.06641,0 -1.51172,-1.1015625 -1.51172,-3.7617187 0,-2.3085938 0.41015,-3.2109375 1.4414,-3.2109375 z m 3.50977,1.078125 h 0.11719 l 1.40625,-0.6328125 c 0.0117,-0.011719 0.0234,-0.011719 0.0352,-0.011719 0.0586,0 0.082,0.1054688 0.082,0.3632813 v 5.296875 c 0,0.56249995 -0.11718,0.67968745 -0.70312,0.7148437 l -0.62109,0.0351563 v 0.328125 c 1.6875,-0.03515625 1.6875,-0.03515625 1.80468,-0.03515625 0.14063,0 0.38672,0 0.75,0.01171875 0.12891,0.01171875 0.51563,0.01171875 0.96094,0.0234375 v -0.328125 l -0.5625,-0.0351563 c -0.59766,-0.0351563 -0.71484,-0.15234375 -0.71484,-0.7148437 v -6.46875 l -0.15235,-0.058594 c -0.70312,0.375 -1.47656,0.6914063 -2.47265,1.0429688 z m 0,0"
         style="fill:#000000;fill-opacity:1;fill-rule:nonzero;stroke:none" />
    </g>
    <path
       id="path79"
       d="M -274,323.55233 H 167.36932"
       style="fill:none;stroke:#000000;stroke-width:0.530667;stroke-linecap:butt;stroke-linejoin:miter;stroke-miterlimit:10;stroke-dasharray:none;stroke-opacity:1" />
    <g
       id="g79"
       aria-label="Presupuesto558655116220574580553285"
       transform="matrix(1.3333333,0,0,1.3333333,-266.02934,334.97633)">
      <path
         id="path80"
         d="m 3.09425,-3.2459141 c 0.1171875,0.023437 0.1289063,0.023437 0.1523438,0.023437 0.2460937,0.035156 0.2929687,0.046875 0.4335937,0.046875 1.2773438,0 2.2382813,-0.9140625 2.2382813,-2.109375 0,-0.9960937 -0.6328125,-1.5 -1.8867188,-1.5 H 3.9145625 c -1.0898437,0.023437 -1.6875,0.035156 -1.8046875,0.035156 -0.2109375,0 -0.2109375,0 -1.72265625,-0.035156 v 0.375 l 0.375,0.023437 c 0.44531255,0.046875 0.46875005,0.1054688 0.46875005,0.9726563 v 4.0664062 c 0,0.89062504 0,0.91406254 -0.46875005,0.94921879 l -0.375,0.0351563 v 0.3984375 C 1.59425,1.796875e-4 1.59425,1.796875e-4 1.9458125,1.796875e-4 c 0.3046875,0 0.3046875,0 1.640625,0.0351562525 v -0.3984375 l -0.46875,-0.0351563 C 2.6606563,-0.43341406 2.6372188,-0.46857031 2.6372188,-1.3474766 v -4.8515625 c 0.1523437,-0.058594 0.328125,-0.082031 0.5976562,-0.082031 0.8320313,0 1.2539063,0.4453125 1.2539063,1.3359375 0,0.796875 -0.3984375,1.3125 -1.03125,1.3125 -0.082031,0 -0.09375,0 -0.3515625,-0.058594 -0.011719,0 -0.035156,0 -0.082031,0 l -0.09375,0.09375 z m 5.1152344,-1.4414062 -0.6914063,0.2109375 c -0.328125,0.1054687 -0.5039062,0.1289062 -1.125,0.2109375 v 0.3632812 l 0.4453125,0.023437 c 0.2226563,0.023437 0.2578125,0.1171875 0.2578125,0.703125 v 2.17968754 c 0,0.5390625 -0.046875,0.62109375 -0.3632812,0.6328125 l -0.3398438,0.0234375 v 0.375 L 7.6704219,1.796875e-4 c 0.1289062,0 0.1640625,0 1.5117187,0.0351562525 v -0.375 l -0.3984375,-0.0234375 c -0.421875,-0.0117188 -0.46875,-0.0703125 -0.46875,-0.6328125 V -2.9646641 c 0,-0.3164062 0.3984375,-0.6445312 0.796875,-0.6445312 0.2460938,0 0.421875,0.1171875 0.5625,0.3632812 l 0.234375,-0.1054687 0.058594,-1.2773438 c -0.1054688,-0.046875 -0.234375,-0.058594 -0.375,-0.058594 -0.28125,0 -0.46875,0.1171875 -0.84375,0.5273437 l -0.4335938,0.46875 v -0.9375 z m 6.3457036,1.7460937 c 0,-1.0664062 -0.75,-1.7460937 -1.886719,-1.7460937 -0.351563,0 -0.609375,0.070312 -0.878906,0.2226562 l -0.46875,0.28125 c -0.65625,0.3867188 -0.9375,0.984375 -0.9375,1.9335938 0,1.58203124 0.796875,2.41406249 2.273437,2.41406249 0.574219,0 0.9375,-0.09375 1.582031,-0.421875 l 0.210938,-0.48046875 -0.117188,-0.15234375 c -0.46875,0.2578125 -0.761718,0.3515625 -1.160156,0.3515625 -0.515625,0 -1.007812,-0.28125 -1.253906,-0.70312499 -0.164063,-0.28125 -0.222656,-0.515625 -0.246094,-0.984375 h 1.3125 c 0.5625,0 1.007813,-0.058594 1.570313,-0.1992188 z m -2.097657,0.2226563 h -0.04687 c -0.05859,0 -0.328125,-0.011719 -0.480468,-0.023437 l -0.316407,-0.011719 c 0.03516,-0.984375 0.269532,-1.3828125 0.84375,-1.3828125 0.574219,0 0.808594,0.3984375 0.832032,1.3828125 z m 6.09668,-0.5273438 0.08203,-1.21875 c -0.398437,-0.1640625 -0.703125,-0.2226562 -1.230469,-0.2226562 -1.347656,0 -2.074218,0.5390625 -2.074218,1.5351562 0,0.65625 0.363281,1.0664063 1.054687,1.2421875 l 0.855469,0.2109375 c 0.457031,0.1054688 0.632812,0.2695313 0.632812,0.6210938 0,0.46874999 -0.363281,0.77343749 -0.914062,0.77343749 -0.46875,0 -0.796875,-0.15234375 -1.113281,-0.52734375 L 15.788589,-1.5115391 H 15.40187 l -0.07031,1.40625004 c 0.574218,0.19921875 1.019531,0.26953125 1.546875,0.26953125 1.253906,0 2.097656,-0.6796875 2.097656,-1.71093749 0,-0.7148438 -0.363281,-1.078125 -1.265625,-1.2773438 l -0.808594,-0.1875 c -0.398437,-0.082031 -0.550781,-0.2460937 -0.550781,-0.5507812 0,-0.3984375 0.339844,-0.65625 0.878906,-0.65625 0.398438,0 0.832031,0.1992187 0.867188,0.3984375 l 0.09375,0.5742187 z m 4.716797,2.44921879 -0.04687,0.83203125 c 0.832031,-0.0351562525 0.832031,-0.0351562525 0.9375,-0.0351562525 0.09375,0 0.269531,0 0.550781,0.0234375025 0.07031,0 0.257813,0 0.46875,0.01171875 v -0.375 l -0.328125,-0.0234375 c -0.316406,-0.0117188 -0.363281,-0.09375 -0.363281,-0.6328125 V -4.6287266 l -0.105469,-0.058594 -0.691406,0.2109375 c -0.328125,0.1054687 -0.503906,0.1289062 -1.125,0.2109375 v 0.3632812 l 0.445312,0.023437 c 0.234375,0.023437 0.257813,0.1171875 0.257813,0.703125 v 1.546875 c 0,0.4921875 -0.421875,0.90234379 -0.949219,0.90234379 -0.574219,0 -0.785156,-0.35156249 -0.785156,-1.30078129 v -2.6015625 l -0.09375,-0.058594 -0.703125,0.2109375 c -0.328125,0.1054687 -0.492188,0.1289062 -1.125,0.2109375 v 0.3632812 l 0.457031,0.023437 c 0.222656,0.023437 0.257813,0.1171875 0.257813,0.703125 v 1.78125 c 0,1.00781254 0.539062,1.55859379 1.488281,1.55859379 0.292969,0 0.550781,-0.0703125 0.703125,-0.22265625 z M 27.563,-4.6873203 26.871594,-4.4763828 c -0.339844,0.1054687 -0.515625,0.1289062 -1.019531,0.1992187 l -0.105469,0.011719 v 0.3632812 l 0.445312,0.023437 c 0.222657,0.023437 0.257813,0.1171875 0.257813,0.703125 v 4.7226563 c 0,0.5390625 -0.04687,0.609375 -0.363281,0.6328125 l -0.339844,0.023437 v 0.3632812 l 1.277344,-0.023437 c 0.128906,0 0.152343,0 1.453125,0.023437 V 2.2033047 L 28.020031,2.1798672 C 27.715344,2.1681484 27.668469,2.0861172 27.668469,1.5470547 V 1.796875e-4 C 28.148938,0.14080469 28.313,0.16424219 28.547375,0.16424219 c 0.339844,0 0.691406,-0.17578125 1.371094,-0.71484375 0.05859,-0.0351563 0.117187,-0.0820313 0.164062,-0.12890625 0.65625,-0.49218749 1.019532,-1.27734379 1.019532,-2.16796879 0,-1.0546875 -0.761719,-1.8398437 -1.804688,-1.8398437 -0.386719,0 -0.679687,0.1054687 -1.019531,0.3867187 l -0.609375,0.4804688 v -0.8085938 z m 0.105469,1.3945312 c 0.210937,-0.328125 0.539062,-0.5039062 0.949219,-0.5039062 0.773437,0 1.230468,0.5976562 1.230468,1.59375 0,1.0429687 -0.445312,1.69921874 -1.171875,1.69921874 -0.421875,0 -0.738281,-0.17578125 -1.007812,-0.55078124 z m 7.77539,2.49609379 -0.04687,0.83203125 c 0.832032,-0.0351562525 0.832032,-0.0351562525 0.9375,-0.0351562525 0.09375,0 0.269532,0 0.550782,0.0234375025 0.07031,0 0.257812,0 0.46875,0.01171875 v -0.375 l -0.328125,-0.0234375 c -0.316407,-0.0117188 -0.363282,-0.09375 -0.363282,-0.6328125 V -4.6287266 l -0.105468,-0.058594 -0.691407,0.2109375 c -0.328125,0.1054687 -0.503906,0.1289062 -1.125,0.2109375 v 0.3632812 l 0.445313,0.023437 c 0.234375,0.023437 0.257812,0.1171875 0.257812,0.703125 v 1.546875 c 0,0.4921875 -0.421875,0.90234379 -0.949218,0.90234379 -0.574219,0 -0.785157,-0.35156249 -0.785157,-1.30078129 v -2.6015625 l -0.09375,-0.058594 -0.703125,0.2109375 c -0.328125,0.1054687 -0.492187,0.1289062 -1.125,0.2109375 v 0.3632812 l 0.457032,0.023437 c 0.222656,0.023437 0.257812,0.1171875 0.257812,0.703125 v 1.78125 c 0,1.00781254 0.539063,1.55859379 1.488281,1.55859379 0.292969,0 0.550782,-0.0703125 0.703125,-0.22265625 z m 6.779297,-2.14453129 c 0,-1.0664062 -0.75,-1.7460937 -1.886718,-1.7460937 -0.351563,0 -0.609375,0.070312 -0.878907,0.2226562 l -0.46875,0.28125 c -0.65625,0.3867188 -0.9375,0.984375 -0.9375,1.9335938 0,1.58203124 0.796875,2.41406249 2.273438,2.41406249 0.574219,0 0.9375,-0.09375 1.582031,-0.421875 L 42.117688,-0.73810156 42.0005,-0.89044531 c -0.46875,0.2578125 -0.761719,0.3515625 -1.160156,0.3515625 -0.515625,0 -1.007813,-0.28125 -1.253906,-0.70312499 -0.164063,-0.28125 -0.222657,-0.515625 -0.246094,-0.984375 h 1.3125 c 0.5625,0 1.007812,-0.058594 1.570312,-0.1992188 z M 40.1255,-2.7185703 h -0.04687 c -0.05859,0 -0.328125,-0.011719 -0.480469,-0.023437 l -0.316406,-0.011719 c 0.03516,-0.984375 0.269531,-1.3828125 0.84375,-1.3828125 0.574219,0 0.808594,0.3984375 0.832031,1.3828125 z m 6.09375,-0.5273438 0.08203,-1.21875 c -0.398437,-0.1640625 -0.703125,-0.2226562 -1.230468,-0.2226562 -1.347657,0 -2.074219,0.5390625 -2.074219,1.5351562 0,0.65625 0.363281,1.0664063 1.054687,1.2421875 l 0.855469,0.2109375 c 0.457031,0.1054688 0.632813,0.2695313 0.632813,0.6210938 0,0.46874999 -0.363282,0.77343749 -0.914063,0.77343749 -0.46875,0 -0.796875,-0.15234375 -1.113281,-0.52734375 l -0.05859,-0.67968754 h -0.386719 l -0.07031,1.40625004 c 0.574219,0.19921875 1.019531,0.26953125 1.546875,0.26953125 1.253906,0 2.097656,-0.6796875 2.097656,-1.71093749 0,-0.7148438 -0.363281,-1.078125 -1.265625,-1.2773438 l -0.808594,-0.1875 c -0.398437,-0.082031 -0.550781,-0.2460937 -0.550781,-0.5507812 0,-0.3984375 0.339844,-0.65625 0.878906,-0.65625 0.398438,0 0.832032,0.1992187 0.867188,0.3984375 l 0.09375,0.5742187 z m 4.037109,2.64843754 -0.07031,-0.1875 c -0.199219,0.09375 -0.304688,0.12890625 -0.457031,0.12890625 -0.46875,0 -0.621094,-0.1640625 -0.621094,-0.64453129 v -2.3789062 h 1.054687 l 0.08203,-0.6445313 -1.136719,0.058594 v -0.5742188 c 0,-0.5273437 0.02344,-0.8554687 0.117187,-1.359375 l -0.140625,-0.09375 c -0.398437,0.1875 -0.703125,0.3046875 -1.21875,0.4921875 0.03516,0.515625 0.04687,0.7148438 0.04687,0.9140625 v 0.5976563 l -0.65625,0.4335937 v 0.2226563 l 0.632813,-0.046875 v 2.578125 c 0,0.89062499 0.375,1.26562499 1.242187,1.26562499 0.304688,0 0.550782,-0.0585938 0.644532,-0.17578125 z m 2.953125,-4.08984374 c -1.582031,0 -2.460937,0.8671875 -2.460937,2.4609375 0,1.52343749 0.820312,2.39062499 2.261719,2.39062499 1.59375,0 2.484375,-0.90234375 2.484375,-2.51953129 0,-1.5117187 -0.808594,-2.3320312 -2.285157,-2.3320312 z m -0.117187,0.46875 c 0.714844,0 1.054687,0.7148437 1.054687,2.1796875 0,1.20703124 -0.28125,1.73437499 -0.960937,1.73437499 -0.714844,0 -1.078125,-0.72656249 -1.078125,-2.16796879 0,-1.2070312 0.292969,-1.7460937 0.984375,-1.7460937 z m 0,0"
         style="fill:#000000;fill-opacity:1;fill-rule:nonzero;stroke:none" />
      <path
         id="path81"
         d="m 133.62648,-6.5974766 c 1.40625,0.035156 2.01562,0.046875 3.32812,0.046875 l 0.0586,-0.046875 c -0.0234,-0.1992187 -0.0234,-0.28125 -0.0234,-0.4335937 0,-0.1523438 0,-0.234375 0.0234,-0.4335938 l -0.0586,-0.046875 c -0.82031,0.035156 -1.3125,0.046875 -1.89844,0.046875 -0.59765,0 -1.07812,-0.011719 -1.89843,-0.046875 l -0.0469,0.046875 c 0,0.6679688 0.0117,1.1484375 0.0117,1.5 0,0.9257813 -0.0234,1.96875 -0.0586,2.4492188 l 0.21093,0.070312 c 0.51563,-0.515625 0.8086,-0.6679688 1.34766,-0.6679688 1.04297,0 1.69922,0.7382813 1.69922,1.921875 0,1.20703129 -0.69141,1.92187504 -1.88672,1.92187504 -0.58594,0 -1.13672,-0.19921875 -1.28906,-0.48046875 l -0.50391,-0.90234379 -0.25781,0.1523438 c 0.25781,0.63281249 0.38672,0.97265624 0.53906,1.45312499 0.30469,0.1640625 0.73828,0.26953125 1.20703,0.26953125 0.72657,0 1.51172,-0.31640625 2.10938,-0.84375 0.66797,-0.58593754 1.00781,-1.33593754 1.00781,-2.14453124 0,-1.2304688 -0.87891,-2.0976563 -2.12109,-2.0976563 -0.52735,0 -0.91407,0.140625 -1.59375,0.5390625 z m 5.45507,0 c 1.40625,0.035156 2.01563,0.046875 3.32813,0.046875 l 0.0586,-0.046875 c -0.0234,-0.1992187 -0.0234,-0.28125 -0.0234,-0.4335937 0,-0.1523438 0,-0.234375 0.0234,-0.4335938 l -0.0586,-0.046875 c -0.82031,0.035156 -1.3125,0.046875 -1.89844,0.046875 -0.59765,0 -1.07812,-0.011719 -1.89844,-0.046875 l -0.0469,0.046875 c 0,0.6679688 0.0117,1.1484375 0.0117,1.5 0,0.9257813 -0.0234,1.96875 -0.0586,2.4492188 l 0.21094,0.070312 c 0.51563,-0.515625 0.8086,-0.6679688 1.34766,-0.6679688 1.04297,0 1.69922,0.7382813 1.69922,1.921875 0,1.20703129 -0.69141,1.92187504 -1.88672,1.92187504 -0.58594,0 -1.13672,-0.19921875 -1.28906,-0.48046875 l -0.50391,-0.90234379 -0.25781,0.1523438 c 0.25781,0.63281249 0.38672,0.97265624 0.53906,1.45312499 0.30469,0.1640625 0.73828,0.26953125 1.20703,0.26953125 0.72656,0 1.51172,-0.31640625 2.10938,-0.84375 0.66796,-0.58593754 1.00781,-1.33593754 1.00781,-2.14453124 0,-1.2304688 -0.87891,-2.0976563 -2.1211,-2.0976563 -0.52734,0 -0.91406,0.140625 -1.59375,0.5390625 z m 5.89747,2.8359375 c -0.44532,0.1992188 -0.63282,0.328125 -0.86719,0.5507813 -0.41016,0.421875 -0.63281,0.9140625 -0.63281,1.4765625 0,1.12499999 0.90234,1.95703124 2.13281,1.95703124 1.41797,0 2.60156,-1.11328125 2.60156,-2.47265624 0,-0.8671875 -0.39844,-1.3359375 -1.65234,-1.9101563 0.99609,-0.6679687 1.34765,-1.1367187 1.34765,-1.78125 0,-0.9375 -0.77343,-1.5703125 -1.93359,-1.5703125 -1.30078,0 -2.25,0.8203125 -2.25,1.96875 0,0.7382813 0.29297,1.1601563 1.25391,1.78125 z m 1.26562,0.5390625 c 0.69141,0.3046875 1.10156,0.84375 1.10156,1.4296875 0,0.92578129 -0.67968,1.64062504 -1.57031,1.64062504 -0.92578,0 -1.52344,-0.65625 -1.52344,-1.66406254 0,-0.796875 0.31641,-1.3007812 1.125,-1.7929687 z m -0.65625,-1.3945312 c -0.69141,-0.3398438 -1.04297,-0.7734375 -1.04297,-1.3125 0,-0.7265625 0.52735,-1.21875 1.30078,-1.21875 0.79688,0 1.32422,0.5273437 1.32422,1.3242187 0,0.6210938 -0.28125,1.0429688 -0.98437,1.5 z m 7.55274,-2.71875 -0.39844,-0.1757813 c -1.05469,0.3398438 -1.5,0.5625 -2.05078,1.0429688 -1.125,0.9492187 -1.73438,2.2734375 -1.73438,3.7734375 0,1.80468749 0.86719,2.91796874 2.27344,2.91796874 1.41797,0 2.48437,-1.125 2.48437,-2.61328124 0,-1.2539063 -0.76171,-2.0742188 -1.91015,-2.0742188 -0.55078,0 -0.87891,0.140625 -1.52344,0.65625 -0.11719,0.09375 -0.12891,0.1054688 -0.24609,0.1992188 0.23437,-1.9804688 1.14843,-3.046875 3.10547,-3.6328125 z m -1.75782,3.5273437 c 0.83203,0 1.39453,0.7265625 1.39453,1.8046875 0,1.13671879 -0.5625,1.86328129 -1.40625,1.86328129 -0.92578,0 -1.41796,-0.796875 -1.41796,-2.26171879 0,-0.375 0.0351,-0.5859375 0.15234,-0.7734375 0.24609,-0.375 0.76172,-0.6328125 1.27734,-0.6328125 z m 4.06055,-2.7890625 c 1.40625,0.035156 2.01562,0.046875 3.32812,0.046875 l 0.0586,-0.046875 c -0.0234,-0.1992187 -0.0234,-0.28125 -0.0234,-0.4335937 0,-0.1523438 0,-0.234375 0.0234,-0.4335938 l -0.0586,-0.046875 c -0.82031,0.035156 -1.3125,0.046875 -1.89843,0.046875 -0.59766,0 -1.07813,-0.011719 -1.89844,-0.046875 l -0.0469,0.046875 c 0,0.6679688 0.0117,1.1484375 0.0117,1.5 0,0.9257813 -0.0234,1.96875 -0.0586,2.4492188 l 0.21094,0.070312 c 0.51562,-0.515625 0.80859,-0.6679688 1.34765,-0.6679688 1.04297,0 1.69922,0.7382813 1.69922,1.921875 0,1.20703129 -0.6914,1.92187504 -1.88672,1.92187504 -0.58593,0 -1.13672,-0.19921875 -1.28906,-0.48046875 l -0.50391,-0.90234379 -0.25781,0.1523438 c 0.25781,0.63281249 0.38672,0.97265624 0.53906,1.45312499 0.30469,0.1640625 0.73829,0.26953125 1.20704,0.26953125 0.72656,0 1.51171,-0.31640625 2.10937,-0.84375 0.66797,-0.58593754 1.00781,-1.33593754 1.00781,-2.14453124 0,-1.2304688 -0.8789,-2.0976563 -2.12109,-2.0976563 -0.52734,0 -0.91406,0.140625 -1.59375,0.5390625 z m 5.45508,0 c 1.40625,0.035156 2.01562,0.046875 3.32812,0.046875 l 0.0586,-0.046875 c -0.0234,-0.1992187 -0.0234,-0.28125 -0.0234,-0.4335937 0,-0.1523438 0,-0.234375 0.0234,-0.4335938 l -0.0586,-0.046875 c -0.82031,0.035156 -1.3125,0.046875 -1.89843,0.046875 -0.59766,0 -1.07813,-0.011719 -1.89844,-0.046875 l -0.0469,0.046875 c 0,0.6679688 0.0117,1.1484375 0.0117,1.5 0,0.9257813 -0.0234,1.96875 -0.0586,2.4492188 l 0.21094,0.070312 c 0.51562,-0.515625 0.80859,-0.6679688 1.34765,-0.6679688 1.04297,0 1.69922,0.7382813 1.69922,1.921875 0,1.20703129 -0.69141,1.92187504 -1.88672,1.92187504 -0.58594,0 -1.13672,-0.19921875 -1.28906,-0.48046875 l -0.50391,-0.90234379 -0.25781,0.1523438 c 0.25781,0.63281249 0.38672,0.97265624 0.53906,1.45312499 0.30469,0.1640625 0.73828,0.26953125 1.20703,0.26953125 0.72657,0 1.51172,-0.31640625 2.10938,-0.84375 0.66797,-0.58593754 1.00781,-1.33593754 1.00781,-2.14453124 0,-1.2304688 -0.8789,-2.0976563 -2.12109,-2.0976563 -0.52735,0 -0.91406,0.140625 -1.59375,0.5390625 z m 20.56054,0.5390625 h 0.11719 l 1.40625,-0.6328125 c 0.0117,-0.011719 0.0234,-0.011719 0.0352,-0.011719 0.0586,0 0.082,0.1054687 0.082,0.3632812 v 5.296875 c 0,0.56250004 -0.11719,0.67968754 -0.70313,0.71484379 l -0.62109,0.0351563 v 0.328125 c 1.6875,-0.0351562525 1.6875,-0.0351562525 1.80469,-0.0351562525 0.14062,0 0.38672,0 0.75,0.0117187525 0.1289,0.01171875 0.51562,0.01171875 0.96094,0.0234375 v -0.328125 l -0.5625,-0.0351563 c -0.59766,-0.0351563 -0.71485,-0.15234375 -0.71485,-0.71484379 v -6.46875 l -0.15234,-0.058594 c -0.70313,0.375 -1.47656,0.6914062 -2.47266,1.0429687 z m 5.45508,0 h 0.11719 l 1.40625,-0.6328125 c 0.0117,-0.011719 0.0234,-0.011719 0.0352,-0.011719 0.0586,0 0.082,0.1054687 0.082,0.3632812 v 5.296875 c 0,0.56250004 -0.11719,0.67968754 -0.70313,0.71484379 l -0.62109,0.0351563 v 0.328125 c 1.6875,-0.0351562525 1.6875,-0.0351562525 1.80469,-0.0351562525 0.14062,0 0.38672,0 0.75,0.0117187525 0.1289,0.01171875 0.51562,0.01171875 0.96093,0.0234375 v -0.328125 l -0.5625,-0.0351563 c -0.59765,-0.0351563 -0.71484,-0.15234375 -0.71484,-0.71484379 v -6.46875 l -0.15234,-0.058594 c -0.70313,0.375 -1.47657,0.6914062 -2.47266,1.0429687 z m 9.26367,-1.2773437 -0.39843,-0.1757813 c -1.05469,0.3398438 -1.5,0.5625 -2.05078,1.0429688 -1.125,0.9492187 -1.73438,2.2734375 -1.73438,3.7734375 0,1.80468749 0.86719,2.91796874 2.27344,2.91796874 1.41797,0 2.48437,-1.125 2.48437,-2.61328124 0,-1.2539063 -0.76172,-2.0742188 -1.91015,-2.0742188 -0.55078,0 -0.87891,0.140625 -1.52344,0.65625 -0.11719,0.09375 -0.12891,0.1054688 -0.24609,0.1992188 0.23437,-1.9804688 1.14843,-3.046875 3.10546,-3.6328125 z m -1.75781,3.5273437 c 0.83203,0 1.39453,0.7265625 1.39453,1.8046875 0,1.13671879 -0.5625,1.86328129 -1.40625,1.86328129 -0.92578,0 -1.41797,-0.796875 -1.41797,-2.26171879 0,-0.375 0.0352,-0.5859375 0.15235,-0.7734375 0.24609,-0.375 0.76172,-0.6328125 1.27734,-0.6328125 z m 2.85352,3.56250004 v 0.28125 C 199.313,1.796875e-4 199.313,1.796875e-4 199.71144,1.796875e-4 c 0.38672,0 0.38672,0 2.49609,0.0351562525 -0.0234,-0.234375 -0.0234,-0.33984375 -0.0234,-0.4921875 0,-0.140625 0,-0.2578125 0.0234,-0.4921875 -1.2539,0.0585938 -1.75781,0.0703125 -3.77344,0.10546875 l 1.98047,-2.09765629 c 1.05469,-1.125 1.38282,-1.7226562 1.38282,-2.5429687 0,-1.2539063 -0.84375,-2.0273438 -2.23829,-2.0273438 -0.78515,0 -1.3125,0.2109375 -1.85156,0.7617188 l -0.1875,1.4765625 h 0.31641 l 0.14062,-0.4921875 c 0.17578,-0.6328125 0.57422,-0.9140625 1.30078,-0.9140625 0.9375,0 1.53516,0.5976562 1.53516,1.5234375 0,0.8085937 -0.45703,1.6171875 -1.6875,2.9296875 z m 5.45508,0 v 0.28125 c 2.03906,-0.0351562525 2.03906,-0.0351562525 2.4375,-0.0351562525 0.38671,0 0.38671,0 2.49609,0.0351562525 -0.0234,-0.234375 -0.0234,-0.33984375 -0.0234,-0.4921875 0,-0.140625 0,-0.2578125 0.0234,-0.4921875 -1.25391,0.0585938 -1.75781,0.0703125 -3.77344,0.10546875 l 1.98047,-2.09765629 c 1.05469,-1.125 1.38281,-1.7226562 1.38281,-2.5429687 0,-1.2539063 -0.84375,-2.0273438 -2.23828,-2.0273438 -0.78515,0 -1.3125,0.2109375 -1.85156,0.7617188 l -0.1875,1.4765625 h 0.31641 l 0.14062,-0.4921875 c 0.17578,-0.6328125 0.57422,-0.9140625 1.30078,-0.9140625 0.9375,0 1.53516,0.5976562 1.53516,1.5234375 0,0.8085937 -0.45703,1.6171875 -1.6875,2.9296875 z m 8.14746,-7.26562504 c -1.6875,0 -2.55469,1.3359375 -2.55469,3.9726563 0,1.2773437 0.23437,2.3789062 0.60937,2.91796874 0.38672,0.5390625 0.9961,0.84375 1.67579,0.84375 1.64062,0 2.47265,-1.41796874 2.47265,-4.21875004 0,-2.390625 -0.71484,-3.515625 -2.20312,-3.515625 z m -0.19922,0.375 c 1.05469,0 1.48828,1.0664063 1.48828,3.6914063 0,2.3203125 -0.42188,3.28124999 -1.41797,3.28124999 -1.06641,0 -1.51172,-1.10156249 -1.51172,-3.76171879 0,-2.3085937 0.41016,-3.2109375 1.44141,-3.2109375 z m 32.36719,0.5390625 c 1.40625,0.035156 2.01562,0.046875 3.32812,0.046875 l 0.0586,-0.046875 c -0.0234,-0.1992187 -0.0234,-0.28125 -0.0234,-0.4335937 0,-0.1523438 0,-0.234375 0.0234,-0.4335938 l -0.0586,-0.046875 c -0.82031,0.035156 -1.3125,0.046875 -1.89844,0.046875 -0.59765,0 -1.07812,-0.011719 -1.89843,-0.046875 l -0.0469,0.046875 c 0,0.6679688 0.0117,1.1484375 0.0117,1.5 0,0.9257813 -0.0234,1.96875 -0.0586,2.4492188 l 0.21093,0.070312 c 0.51563,-0.515625 0.8086,-0.6679688 1.34766,-0.6679688 1.04297,0 1.69922,0.7382813 1.69922,1.921875 0,1.20703129 -0.69141,1.92187504 -1.88672,1.92187504 -0.58594,0 -1.13672,-0.19921875 -1.28906,-0.48046875 l -0.50391,-0.90234379 -0.25781,0.1523438 c 0.25781,0.63281249 0.38672,0.97265624 0.53906,1.45312499 0.30469,0.1640625 0.73828,0.26953125 1.20703,0.26953125 0.72656,0 1.51172,-0.31640625 2.10938,-0.84375 0.66797,-0.58593754 1.00781,-1.33593754 1.00781,-2.14453124 0,-1.2304688 -0.87891,-2.0976563 -2.12109,-2.0976563 -0.52735,0 -0.91407,0.140625 -1.59375,0.5390625 z m 4.68164,6.49218754 0.10546,0.140625 c 0.42188,-0.0351562525 0.42188,-0.0351562525 0.49219,-0.0351562525 0.082,0 0.082,0 0.50391,0.0351562525 0.45703,-1.19531254 0.99609,-2.33203124 1.71094,-3.63281254 l 2.0039,-3.5976562 v -0.3164063 c -1.18359,0.035156 -1.55859,0.046875 -2.44922,0.046875 -0.79687,0 -1.32422,-0.011719 -2.39062,-0.046875 l -0.10547,0.046875 c 0.0352,1.0429688 0.0352,1.0429688 0.0352,1.1484375 0,0.1171875 0,0.1171875 -0.0352,1.1132813 h 0.32812 l 0.0703,-0.609375 c 0.0937,-0.6796875 0.16406,-0.7617188 0.66797,-0.7617188 h 2.91796 c -0.43359,0.890625 -0.77343,1.5234375 -1.19531,2.1914063 z m 7.90429,-1.87500004 v 0.8203125 c 0,0.65625004 -0.1289,0.80859379 -0.65625,0.83203129 l -0.67968,0.0351563 v 0.328125 c 1.45312,-0.0351562525 1.45312,-0.0351562525 1.71093,-0.0351562525 0.26953,0 0.26953,0 1.71094,0.0351562525 v -0.328125 l -0.51562,-0.0351563 c -0.53907,-0.0351563 -0.65625,-0.17578125 -0.65625,-0.83203129 v -0.8203125 c 0.64453,0 0.86718,0.011719 1.17187,0.046875 v -0.7734375 c -0.50391,0.046875 -0.71484,0.046875 -0.87891,0.035156 h -0.29296 v -1.5234375 c 0,-1.9335938 0.0234,-2.8710938 0.0703,-3.3164063 l -0.12891,-0.058594 -0.80859,0.2929687 -3.08203,5.0507813 0.11718,0.2460937 z m 0,-0.6914062 h -2.34375 l 2.34375,-3.84375 z m 3.77637,-3.9257813 c 1.40625,0.035156 2.01562,0.046875 3.32812,0.046875 l 0.0586,-0.046875 c -0.0234,-0.1992187 -0.0234,-0.28125 -0.0234,-0.4335937 0,-0.1523438 0,-0.234375 0.0234,-0.4335938 l -0.0586,-0.046875 c -0.82031,0.035156 -1.3125,0.046875 -1.89843,0.046875 -0.59766,0 -1.07813,-0.011719 -1.89844,-0.046875 l -0.0469,0.046875 c 0,0.6679688 0.0117,1.1484375 0.0117,1.5 0,0.9257813 -0.0234,1.96875 -0.0586,2.4492188 l 0.21094,0.070312 c 0.51562,-0.515625 0.80859,-0.6679688 1.34765,-0.6679688 1.04297,0 1.69922,0.7382813 1.69922,1.921875 0,1.20703129 -0.6914,1.92187504 -1.88672,1.92187504 -0.58593,0 -1.13672,-0.19921875 -1.28906,-0.48046875 l -0.50391,-0.90234379 -0.25781,0.1523438 c 0.25781,0.63281249 0.38672,0.97265624 0.53906,1.45312499 0.30469,0.1640625 0.73829,0.26953125 1.20704,0.26953125 0.72656,0 1.51171,-0.31640625 2.10937,-0.84375 0.66797,-0.58593754 1.00781,-1.33593754 1.00781,-2.14453124 0,-1.2304688 -0.8789,-2.0976563 -2.12109,-2.0976563 -0.52734,0 -0.91406,0.140625 -1.59375,0.5390625 z m 5.90039,2.8359375 c -0.44531,0.1992188 -0.63281,0.328125 -0.86719,0.5507813 -0.41015,0.421875 -0.63281,0.9140625 -0.63281,1.4765625 0,1.12499999 0.90234,1.95703124 2.13281,1.95703124 1.41797,0 2.60157,-1.11328125 2.60157,-2.47265624 0,-0.8671875 -0.39844,-1.3359375 -1.65235,-1.9101563 0.9961,-0.6679687 1.34766,-1.1367187 1.34766,-1.78125 0,-0.9375 -0.77344,-1.5703125 -1.9336,-1.5703125 -1.30078,0 -2.25,0.8203125 -2.25,1.96875 0,0.7382813 0.29297,1.1601563 1.25391,1.78125 z m 1.26563,0.5390625 c 0.6914,0.3046875 1.10156,0.84375 1.10156,1.4296875 0,0.92578129 -0.67969,1.64062504 -1.57031,1.64062504 -0.92579,0 -1.52344,-0.65625 -1.52344,-1.66406254 0,-0.796875 0.3164,-1.3007812 1.125,-1.7929687 z m -0.65625,-1.3945312 c -0.69141,-0.3398438 -1.04297,-0.7734375 -1.04297,-1.3125 0,-0.7265625 0.52734,-1.21875 1.30078,-1.21875 0.79687,0 1.32422,0.5273437 1.32422,1.3242187 0,0.6210938 -0.28125,1.0429688 -0.98438,1.5 z m 5.88867,-2.8945313 c -1.6875,0 -2.55469,1.3359375 -2.55469,3.9726563 0,1.2773437 0.23437,2.3789062 0.60937,2.91796874 0.38672,0.5390625 0.9961,0.84375 1.67579,0.84375 1.64062,0 2.47265,-1.41796874 2.47265,-4.21875004 0,-2.390625 -0.71484,-3.515625 -2.20312,-3.515625 z m -0.19922,0.375 c 1.05469,0 1.48828,1.0664063 1.48828,3.6914063 0,2.3203125 -0.42188,3.28124999 -1.41797,3.28124999 -1.06641,0 -1.51172,-1.10156249 -1.51172,-3.76171879 0,-2.3085937 0.41016,-3.2109375 1.44141,-3.2109375 z m 16.12207,0.5390625 c 1.40625,0.035156 2.01562,0.046875 3.32812,0.046875 l 0.0586,-0.046875 c -0.0234,-0.1992187 -0.0234,-0.28125 -0.0234,-0.4335937 0,-0.1523438 0,-0.234375 0.0234,-0.4335938 l -0.0586,-0.046875 c -0.82031,0.035156 -1.3125,0.046875 -1.89843,0.046875 -0.59766,0 -1.07813,-0.011719 -1.89844,-0.046875 l -0.0469,0.046875 c 0,0.6679688 0.0117,1.1484375 0.0117,1.5 0,0.9257813 -0.0234,1.96875 -0.0586,2.4492188 l 0.21094,0.070312 c 0.51562,-0.515625 0.80859,-0.6679688 1.34765,-0.6679688 1.04297,0 1.69922,0.7382813 1.69922,1.921875 0,1.20703129 -0.6914,1.92187504 -1.88672,1.92187504 -0.58593,0 -1.13672,-0.19921875 -1.28906,-0.48046875 l -0.50391,-0.90234379 -0.25781,0.1523438 c 0.25781,0.63281249 0.38672,0.97265624 0.53906,1.45312499 0.30469,0.1640625 0.73829,0.26953125 1.20704,0.26953125 0.72656,0 1.51171,-0.31640625 2.10937,-0.84375 0.66797,-0.58593754 1.00781,-1.33593754 1.00781,-2.14453124 0,-1.2304688 -0.8789,-2.0976563 -2.12109,-2.0976563 -0.52734,0 -0.91406,0.140625 -1.59375,0.5390625 z m 5.45508,0 c 1.40625,0.035156 2.01562,0.046875 3.32812,0.046875 l 0.0586,-0.046875 c -0.0234,-0.1992187 -0.0234,-0.28125 -0.0234,-0.4335937 0,-0.1523438 0,-0.234375 0.0234,-0.4335938 l -0.0586,-0.046875 c -0.82031,0.035156 -1.3125,0.046875 -1.89844,0.046875 -0.59765,0 -1.07812,-0.011719 -1.89843,-0.046875 l -0.0469,0.046875 c 0,0.6679688 0.0117,1.1484375 0.0117,1.5 0,0.9257813 -0.0234,1.96875 -0.0586,2.4492188 l 0.21093,0.070312 c 0.51563,-0.515625 0.8086,-0.6679688 1.34766,-0.6679688 1.04297,0 1.69922,0.7382813 1.69922,1.921875 0,1.20703129 -0.69141,1.92187504 -1.88672,1.92187504 -0.58594,0 -1.13672,-0.19921875 -1.28906,-0.48046875 l -0.50391,-0.90234379 -0.25781,0.1523438 c 0.25781,0.63281249 0.38672,0.97265624 0.53906,1.45312499 0.30469,0.1640625 0.73828,0.26953125 1.20703,0.26953125 0.72657,0 1.51172,-0.31640625 2.10938,-0.84375 0.66797,-0.58593754 1.00781,-1.33593754 1.00781,-2.14453124 0,-1.2304688 -0.87891,-2.0976563 -2.12109,-2.0976563 -0.52735,0 -0.91407,0.140625 -1.59375,0.5390625 z m 4.54101,1.1601563 h 0.33985 l 0.19922,-0.609375 c 0.11718,-0.3632813 0.80859,-0.7382813 1.37109,-0.7382813 0.70312,0 1.28906,0.5742188 1.28906,1.265625 0,0.8203125 -0.64453,1.5 -1.41797,1.5 -0.0937,0 -0.21093,-0.011719 -0.35156,-0.011719 l -0.16406,-0.011719 -0.12891,0.5742188 0.0703,0.070312 c 0.42188,-0.1875 0.6211,-0.2460938 0.92579,-0.2460938 0.90234,0 1.42968,0.5742188 1.42968,1.5703125 0,1.11328129 -0.66797,1.83984379 -1.6875,1.83984379 -0.5039,0 -0.94922,-0.1640625 -1.27734,-0.46875 -0.25781,-0.234375 -0.39844,-0.48046879 -0.60938,-1.07812499 l -0.29296,0.1171875 c 0.23437,0.65625 0.3164,1.05468749 0.38671,1.59374999 0.57422,0.19921875 1.05469,0.29296875 1.45313,0.29296875 0.87891,0 1.875,-0.4921875 2.48437,-1.23046874 0.36329,-0.4453125 0.55079,-0.9257813 0.55079,-1.4414063 0,-0.515625 -0.21094,-0.9726562 -0.60938,-1.2539062 -0.26953,-0.1875 -0.52734,-0.28125 -1.06641,-0.375 0.86719,-0.6796875 1.19532,-1.1835938 1.19532,-1.828125 0,-0.9726563 -0.8086,-1.6054688 -2.01563,-1.6054688 -0.73828,0 -1.23047,0.1992188 -1.75781,0.7265625 z m 5.15918,5.19140624 v 0.28125 c 2.03906,-0.0351562525 2.03906,-0.0351562525 2.4375,-0.0351562525 0.38672,0 0.38672,0 2.4961,0.0351562525 -0.0234,-0.234375 -0.0234,-0.33984375 -0.0234,-0.4921875 0,-0.140625 0,-0.2578125 0.0234,-0.4921875 -1.25391,0.0585938 -1.75782,0.0703125 -3.77344,0.10546875 l 1.98047,-2.09765629 c 1.05468,-1.125 1.38281,-1.7226562 1.38281,-2.5429687 0,-1.2539063 -0.84375,-2.0273438 -2.23828,-2.0273438 -0.78516,0 -1.3125,0.2109375 -1.85156,0.7617188 l -0.1875,1.4765625 h 0.3164 l 0.14063,-0.4921875 c 0.17578,-0.6328125 0.57422,-0.9140625 1.30078,-0.9140625 0.9375,0 1.53515,0.5976562 1.53515,1.5234375 0,0.8085937 -0.45703,1.6171875 -1.6875,2.9296875 z m 7.10742,-3.51562504 c -0.44531,0.1992188 -0.63281,0.328125 -0.86718,0.5507813 -0.41016,0.421875 -0.63282,0.9140625 -0.63282,1.4765625 0,1.12499999 0.90235,1.95703124 2.13282,1.95703124 1.41797,0 2.60156,-1.11328125 2.60156,-2.47265624 0,-0.8671875 -0.39844,-1.3359375 -1.65234,-1.9101563 0.99609,-0.6679687 1.34765,-1.1367187 1.34765,-1.78125 0,-0.9375 -0.77344,-1.5703125 -1.93359,-1.5703125 -1.30078,0 -2.25,0.8203125 -2.25,1.96875 0,0.7382813 0.29297,1.1601563 1.2539,1.78125 z m 1.26563,0.5390625 c 0.69141,0.3046875 1.10156,0.84375 1.10156,1.4296875 0,0.92578129 -0.67969,1.64062504 -1.57031,1.64062504 -0.92578,0 -1.52344,-0.65625 -1.52344,-1.66406254 0,-0.796875 0.31641,-1.3007812 1.125,-1.7929687 z m -0.65625,-1.3945312 c -0.69141,-0.3398438 -1.04297,-0.7734375 -1.04297,-1.3125 0,-0.7265625 0.52734,-1.21875 1.30078,-1.21875 0.79688,0 1.32422,0.5273437 1.32422,1.3242187 0,0.6210938 -0.28125,1.0429688 -0.98437,1.5 z m 4.40039,-1.9804688 c 1.40625,0.035156 2.01562,0.046875 3.32812,0.046875 l 0.0586,-0.046875 c -0.0234,-0.1992187 -0.0234,-0.28125 -0.0234,-0.4335937 0,-0.1523438 0,-0.234375 0.0234,-0.4335938 l -0.0586,-0.046875 c -0.82031,0.035156 -1.3125,0.046875 -1.89843,0.046875 -0.59766,0 -1.07813,-0.011719 -1.89844,-0.046875 l -0.0469,0.046875 c 0,0.6679688 0.0117,1.1484375 0.0117,1.5 0,0.9257813 -0.0234,1.96875 -0.0586,2.4492188 l 0.21094,0.070312 c 0.51562,-0.515625 0.80859,-0.6679688 1.34765,-0.6679688 1.04297,0 1.69922,0.7382813 1.69922,1.921875 0,1.20703129 -0.6914,1.92187504 -1.88672,1.92187504 -0.58593,0 -1.13672,-0.19921875 -1.28906,-0.48046875 l -0.50391,-0.90234379 -0.25781,0.1523438 c 0.25781,0.63281249 0.38672,0.97265624 0.53906,1.45312499 0.30469,0.1640625 0.73829,0.26953125 1.20704,0.26953125 0.72656,0 1.51171,-0.31640625 2.10937,-0.84375 0.66797,-0.58593754 1.00781,-1.33593754 1.00781,-2.14453124 0,-1.2304688 -0.8789,-2.0976563 -2.12109,-2.0976563 -0.52734,0 -0.91406,0.140625 -1.59375,0.5390625 z m 0,0"
         style="fill:#000000;fill-opacity:1;fill-rule:nonzero;stroke:none" />
    </g>
    <path
       id="path82"
       d="M -274,340.02433 H 167.36932"
       style="fill:none;stroke:#000000;stroke-width:0.530667;stroke-linecap:butt;stroke-linejoin:miter;stroke-miterlimit:10;stroke-dasharray:none;stroke-opacity:1" />
    <path
       id="path83"
       d="M -274,343.21233 H 167.36932"
       style="fill:none;stroke:#000000;stroke-width:0.530667;stroke-linecap:butt;stroke-linejoin:miter;stroke-miterlimit:10;stroke-dasharray:none;stroke-opacity:1" />
  </g>
</svg>
